barcode,manifest_sno
ET-AM-BD-BD-AAH-03,1
ET-AM-BD-BD-AAH-19,7
ET-AM-BD-BD-AAH-16,17
ET-AM-BD-BD-AAH-17,18
ET-AM-BD-BD-AAH-18,19
ET-AM-BD-BD-AAH-3,20
ET-AM-BD-BD-AAH-12,21
ET-AM-BD-BD-AAH-14,22
ET-AM-BD-BD-AAH-1,23
ET-AM-BD-BD-AAH-5,24
ET-AM-BD-BD-AAH-13,29
ET-AM-BD-BD-AAH-2,30
ET-BG-AS-AS-AH-7,32
ET-BG-AS-AS-AH-10,35
ET-BG-AS-AS-AH-13,36
ET-BG-AS-AS-AH-16,37
ET-BG-AS-AS-AH-9,38
ET-BG-AS-AS-AH-4,42
ET-BG-AS-AS-AH-2,43
ET-BG-AS-AS-AH-3,47
ET-BG-AS-AS-AH-18,48
ET-BG-AS-AS-AH-14,49
ET-BG-AS-AS-AH-8,53
ET-BG-AS-AS-AH-12,54
ET-BG-AS-AS-AH-15,55
ET-BG-AS-AS-AH-20,57
ET-BG-AS-AS-AH-5,58
ET-BG-AS-AS-AH-19,60
ET-BG-AS-AS-AH-6,61
ET-BG-AS-AS-AH-1,62
ET-BG-AS-AS-AH-11,63
ET-BG-AS-AS-AH-17,64
ET-AA-YE-Y12-51,65
ET-AA-KK-W1O-HC-12,66
ET-AA-YE-Y12-36,68
ET-AA-KK-W1O-HC-5,73
ET-AA-KK-W10-HC-12,74
ET-AA-YE-Y12H-51,76
ET-AA-KK-W10-HC-13,82
ET-AA-LI-W7-THHC-3,83
ET-AA-YE-Y12H-34,88
ET-AA-YE-Y12H-38,89
ET-AA-YE-Y12H-47,93
ET-AA-YE-Y12H-23,94
ET-AA-YE-Y12H-50,100
ET-AA-YE-Y12H-18,101
ET-AA-YE-Y12H-26,102
ET-AA-YE-Y12H-27,103
ET-AA-LI-W7-THHC-4,105
ET-AA-YE-Y12H-46,107
ET-AA-YE-Y12H-48,108
ET-AA-YE-Y12H-35,109
ET-AA-YE-Y12H-29,110
ET-AA-YE-Y12H-22,112
ET-AA-YE-Y12H-36,113
ET-AA-LI-THHC-8,114
ET-AA-LI-THHC-7,115
ET-AA-YE-Y12H-49,117
ET-AA-YE-Y12H-32,118
ET-AA-YE-Y12H-24,119
ET-AA-YE-Y12H-45,123
ET-AA-YE-Y12H-44,124
ET-AA-YE-Y12H-37,125
ET-AA-KK-W10-KHC-6,126
ET-AA-YE-Y12H-30,127
ET-AA-YE-Y12H-25,128
ET-SN-HA-HA-HH-008,129
ET-SN-HA-HA-HH-019,134
ET-SN-HA-HA-HH-012,136
ET-AA-YE-Y12H-28,137
ET-SN-HA-HA-HH-006,140
ET-SN-HA-HA-HH-020,143
ET-SN-HA-HA-HH-017,144
ET-AA-YE-Y12H-31,145
ER-OR-GU-AT-AH-41,146
ET-SN-HA-HA-HH-001,148
ET-SN-HA-HA-HH-007,149
ET-SN-HA-HA-HH-016,150
ET-AA-YE-Y12H-33,154
ET-SN-HA-HA-HH-009,157
ET-SN-HA-HA-HH-014,158
ET-SN-HA-HA-HH-018,159
ET-OR-AR-SH-SH-031,160
ET-AA-KK-W10-KHC-9,161
ET-AA-KK-W10-KHC-13,162
ET-AA-KK-W10-KHC-03,163
ET-SN-HA-HA-HH-011,165
ET-SN-HA-HA-HH-010,166
ET-SN-HA-HA-HH-003,168
ET-AA-KK-W10-KHC-4,169
ET-AA-LI-W7-THHC-8,170
ET-AA-KK-W10-KHC-11,171
ET-AA-KK-W10-KHC-10,173
ET-SN-HA-HA-HH-002,174
ET-SN-HA-HA-HH-005,175
ET-SN-HA-HA-HH-004,176
ET-OR-ES-AD-AH-004,182
ET-OR-ES-AD-AH-005,184
ET-OR-ES-AD-AH-016,185
ET-OR-ES-AD-AH-014,189
ET-OR-ES-AD-AH-006,191
ET-SN-SI-YE-YH-51,193
ET-SN-SI-YE-YH-91,195
ET-OR-ES-AD-AH-015,199
ET-OR-ES-AD-AH-009,200
ET-SN-SI-YE-YH-100,203
ET-SN-SI-YE-YH-58,204
ET-SN-SI-YE-YH-98,205
ET-AM-BD-AAH-8,206
ET-OR-ES-AD-AH-018,208
ET-SN-SI-YE-YH-53,209
ET-SN-SI-YE-YH-94,212
ET-AM-BD-AAH-6,214
ET-OR-ES-AD-AH-019,216
ET-SN-SI-YE-YH-65,217
ET-SN-SI-YE-YH-55,218
ET-OR-ES-AD-AH-010,221
ET-OR-ES-AD-AH-011,223
ET-OR-ES-AD-AH-002,224
ET-SN-SI-YE-YH-97,225
ET-SN-SI-YE-YH-67,228
ET-AM-BD-BD-AHH-10,230
ET-AM-BD-BD-AHH-17,231
ET-OR-ES-AD-AH-012,232
ET-SN-SI-YE-YH-59,233
ET-SN-SI-YE-YH-64,235
ET-AM-BA-BD-AH-10,238
ET-OR-ES-AD-AH-001,239
ET-OR-ES-AD-AH-013,240
ET-SN-SI-YE-YH-57,241
ET-SN-SI-YE-YH-99,242
ET-SN-SI-YE-YH-56,244
ET-SN-SI-YE-YH-54,245
ET-AM-BD-BD-AAH-6,246
ET-OR-ES-AD-AH017,247
ET-OR-ES-AD-AH015,248
ET-SN-SI-YE-YH-66,249
ET-SN-SI-YE-YH-52,250
ET-SN-SI-YE-YH-62,253
ET-AM-BD-BD-AAH-9,254
ET-OR-ES-AD-AH-003,255
ET-BG-AS-AS-AH-02,256
ET-SO-GO-GH-74,259
ET-SO-GO-GH-56,260
ET-SO-GO-GH-96,261
ET-SO-GO-GH-46,262
ET-SO-GO-GH-44,263
ET-SO-GO-GH-97,264
ET-SO-GO-GH-79,266
ET-SO-GO-GH-76,267
ET-SO-GO-GH-42,268
ET-SO-GO-GH-83,269
ET-SO-GO-GH-48,270
ET-SO-GO-GH-82,271
ET-SO-GO-GH-90,272
ET-SO-GO-GH-67,273
ET-SO-GO-GH-77,274
ET-SO-GO-GH-78,275
ET-SO-GO-GH-51,276
ET-SO-GO-GH-41,277
ET-SO-GO-GH-57,278
ET-SO-GO-GH-84,279
ET-SO-GO-GH-60,280
ET-SO-GO-GH-70,281
ET-SO-GO-GH-71,282
ET-SO-GO-GH-62,283
ET-SO-GO-GH-47,284
ET-SO-GO-GH-58,285
ET-SO-GO-GH-87,286
ET-SO-GO-GH-99,287
ET-SO-GO-GH-63,290
ET-SO-GO-GH-72,291
ET-SO-GO-GH-85,292
ET-SO-GO-GH-55,293
ET-SO-GO-GH-53,294
ET-SO-GO-GH-52,295
ET-SO-GO-GH-98,296
ET-SN-GG-AM-AH-9,297
ET-SO-GO-GH-68,298
ET-SO-GO-GH-61,299
ET-SO-GO-GH-100,300
ET-SO-GO-GH-91,301
ET-SO-GO-GH-59,302
ET-SO-GO-GH-50,303
ET-SO-GO-GH-54,304
ET-SNGG-AM-AH-20,305
ET-SN-GG-AM-AH-18,306
ET-SO-GO-GH-66,307
ET-SO-GO-GH-92,308
ET-SO-GO-GH-95,309
ET-SO-GO-GH-81,310
ET-SO-GO-GH-93,311
ET-SO-GO-GH-43,312
ET-SN-GG-AM-AH-4,313
ET-SO-GO-GH-65,314
ET-SO-GO-GH-69,316
ET-SO-GO-GH-49,317
ET-SO-GO-GH-94,318
ET-SO-GO-GH-45,319
ET-SO-GO-GH-88,320
ET-AM-BD-BD-AAH-61,326
ET-AM-BD-BD-AAH-37,329
ET-AM-BD-BD-AAH-60,332
ET-AM-BD-BD-AAH-39,333
ET-AM-BD-BD-AAH-59,334
ET-AM-BD-BD-AAH-40,338
ET-AM-BD-BD-AAH-56,342
ET-AM-BD-BD-AAH-43,343
ET-AM-BD-BD-AAH-46,345
ET-AM-BD-BD-AAH-52,347
ET-AM-BD-BD-AAH-55,348
ET-AM-BD-BD-AAH-50,350
ET-AM-BD-BD-AAH-44,351
ET-AM-BD-BD-AAH-53,352
ET-AM-BD-BD-AAH-38,353
ET-AM-BD-BD-AAH-41,354
ET-AM-BD-BD-AAH-48,355
ET-AM-BD-BD-AAH-51,356
ET-AM-BD-BD-AAH-54,357
ET-AM-BD-BD-AAH-47,358
ET-AM-BD-BD-AAH-42,359
ET-AM-BD-BD-AAH-45,360
ET-AM-BD-BD-AAH-58,362
ET-AM-BD-BD-AAH-49,363
ET-AM-BD-BD-AAH-57,364
ET-OR-ES-AD-AH-007,367
ET-SN-GG-AM-AH-5,372
ET-SN-GG-AM-AH-31,373
ET-GA-AN-GA-GH-29,374
ET-OR-ES-AD-AH-017,375
ET-GA-AN-GA-GH-27,377
ET-SN-GG-AM-AH-8,378
ET-SN-GG-AM-AH-13,379
ET-SN-GG-AM-AH-1,381
ET-GA-AN-GA-GH-61,382
ET-SN-GG-AM-AH-2,383
ET-GA-AN-GA-GH-38,384
ET-SN-WO-SO-SH-64,388
ET-SN-WO-SO-SH-62,390
ET-SN-WO-SO-SH-81,392
ET-SN-WO-SO-SH-68,395
ET-SN-WO-SO-SH-65,397
ET-SN-WO-SO-SH-91,400
ET-SN-WO-SO-SH-63,402
ET-SN-WO-SO-SH-67,403
ET-SN-WO-SO-SH-40,405
ET-SN-WO-SO-SH-41,407
ET-SN-WO-SO-SH-79,408
ET-SN-WO-SO-SH-88,417
ET-SN-WO-SO-SH-047,421
ET-SN-WO-SO-SH-038,423
ET-SN-WO-SO-SH-87,424
ET-SN-WO-SO-SH-036,427
ET-SN-WO-SO-SH-048,428
ET-SN-WO-SO-SH-045,429
ET-SN-WO-SO-SH-044,431
ET-SN-WO-SO-SH-040,435
ET-SN-WO-SO-SH-046,437
ET-SN-WO-SO-SH-039,439
ET-SN-WO-SO-SH-80,440
ET-SN-WO-SO-SH-85,441
ET-SN-WO-SO-SH-89,442
ET-SN-WO-SO-SH-043,444
ET-SN-WO-SO-SH-037,445
ET-SN-WO-SO-SH-042,446
ET-SN-WO-SO-SH-83,447
ET-AF-Z1-DU-DH-16,451
ET-AF-Z1-DU-DH-20,452
ET-AF-Z1-DU-DH-12,453
ET-AF-Z1-DU-DH-7,454
ET-AF-Z1-DU-DH-6,455
NOT VISIVLE,457
ET-AF-Z1-DU-DH-5,462
ET-AF-Z1-DU-DH-8,463
ET-AM-BD-BD-AAH-36,467
ET-AF-Z1-DU-DH-2,468
ET-AF-Z1-DU-DH-4,469
ET-AM-BD-BD-AAH-15,471
ET-AF-Z1-DU-DH-14,472
ET-AM-BD-BD-AAH-28,474
ET-AM-BD-BD-AAH-29,475
ET-AF-Z1-DU-DH-1,477
ET-AF-Z1-DU-DH-19,478
ET-AF-Z1-DU-DH-15,479
ET-AF-Z1-DU-DH-13,480
ET-AM-BD-BD-AAH-35,481
ET-AM-BD-BD-AAH-32,482
ET-AM-BD-BD-AAH-30,483
ET-AM-BD-BD-AAH-33,485
ET-AF-ZN1-DU-DH-12,486
ET-AF-ZN1-DU-DH-19,488
ET-AM-BD-BD-AAH-20,490
ET-AM-BD-BD-AAH-4,491
ET-AF-ZN1-DU-DH-9,492
ET-AM-BD-BD-AAH-25,493
ET-AF-ZN1-DU-DH-3,494
ET-AF-ZN1-DU-DH-13,496
ET-AM-BD-BD-AAH-27,497
ET-AM-BD-BD-AAH-31,498
ET-AF-ZN1-DU-DH-16,499
ET-AM-BD-BD-AAH-24,501
ET-AF-ZN10DU-DH-9,502
ET-AF-ZN1-DU-DH-6,504
ET-AM-BD-BD-AAH-26,505
ET-AM-BD-BD-AAH-23,506
ET-AM-BD-BD-AAH-34,507
ET-AF-ZN1-DU-DH-5,508
ET-AM-BD-BD-AAH-22,510
ET-AF-ZN1-DU-DH-18,511
ET-AF-ZN1-DU-DH-20,512
ET-AF-ZN1-DU-DH-17,514
ET-AF-ZN1-DU-DH-10,522
ET-BG-AS-AS-AH-76,523
ET-SN-GE-DI-DH-7,526
ET-SN-GE-DI-DH-8,528
ET-BG-AS-AS-AH-75,529
ET-AF-ZN1-DU-DH-2,530
ET-AA-YE-Y12H-63,532
ET-AM-BD-BD-AAH-64,534
ET-AF-ZN1-DU-DH-11,538
ET-OR-JI-GO-AH-4,541
ET-SN-SI-HA-HH-3,542
ET-SN-GE-DI-DH-2,543
ET-SN-GE-DI-DH-1,544
ET-AF-ZN1-DU-DH-7,546
ET-BG-AS-AS-AH-71,547
ET-BG-AS-AS-AH-72,548
ET-SN-SI-YE-YH-63,549
ET-AM-BD-BD-AAH-63,550
ET-SN-GE-DI-DH-9,551
ET-OR-JI-GO-AH-3,555
ET-AA-YE-Y12H-61,558
ET-SN-GE-DI-DH-5,559
ET-SN-GE-DI-DH-6,560
ET-AM-BD-BD-AAH-62,563
ET-AA-YE-Y12H-64,564
ET-AA-YE-Y12H-60,565
ET-OR-JI-GO-AH-5,566
ET-SN-SI-GE-DI-DH-4,567
ET-SN-SI-GE-DI-DH-7,568
ET-BG-AS-AS-AH-74,569
ET-BG-AS-AS-AH-73,570
ET-AA-YE-Y12H-62,572
ET-AM-BD-BD-AAH-65,573
ET-OR-JI-GO-AH-2,574
ET-SN-GE-DI-DH-3,575
ET-SN-GE-DI-DH-4,576
ET-OR-SWS-BE-TBH-27,578
ET-OR-SWS-BE-TBH-26,585
ET-OR-SWS-BE-TBH-33,586
ET-OR-SWS-BE-TBH-31,587
ET-OR-SWS-BE-TBH-34,590
ET-OR-SWS-BE-TBH-40,594
ET-OR-SWS-BE-TBH-32,595
ET-OR-SWS-BE-TBH-30,596
ET-OR-SWS-BE-TBH-29,597
ET-OR-SWS-BE-TBH-35,598
ET-OR-SWS-BE-TBH-28,599
ET-OR-SWS-BE-TBH-78,600
ET-OR-SWS-BE-TBH-67,604
ET-OR-SWS-BE-TBH-66,605
ET-OR-SWS-BE-TBH-36,609
ET-OR-SWS-BE-TBH-37,611
ET-OR-SWS-BE-TBH-64,613
ET-OR-SWS-BE-TBH-68,614
ET-OR-SWS-BE-TBH-39,615
ET-OR-SWS-BE-TBH-80,616
ET-OR-SWS-BE-TBH-38,617
ET-OR-SWS-BE-TBH-69,618
ET-OR-SWS-BE-TBH-70,619
ET-OR-SWS-BE-TBH-71,620
ET-OR-SWS-BE-TBH-65,621
ET-OR-SWS-BE-TBH-86,623
ET-OR-SWS-BE-TBH-84,624
ET-OR-SWS-BE-TBH-77,626
ET-OR-SWS-BE-TBH-75,628
ET-OR-SWS-BE-TBH-73,630
ET-OR-SWS-BE-TBH-79,632
ET-OR-SWS-BE-TBH-76,633
ET-OR-SWS-BE-TBH-72,634
ET-OR-SWS-BE-TBH-83,636
ET-OR-SWS-BE-TBH-82,637
ET-OR-SWS-BE-TBH-74,638
ET-OR-SWS-BE-TBH-81,639
ET-OR-SWS-BE-TBH-85,640
ET-GA-AN-GA-GH-34,646
ET-GA-AN-GA-GH-98,648
ET-OR-AR-SH-SH-009,658
ET-OR-AR-SH-SH-008,659
ET-GA-AN-GA-GH-99,663
ET-OR-AR-SH-SH-005,664
ET-OR-AR-SH-SH-011,668
ET-OR-AR-SH-SH-014,669
ET-OR-AR-SH-SH-002,670
ET-OR-AR-SH-SH-015,671
ET-OR-AR-SH-SH-007,672
ET-OR-AR-SH-SH-010,674
ET-OR-AR-SH-SH-012,675
ET-OR-AR-SH-SH-001,676
ET-OR-AR-SH-SH-003,677
ET-OR-AR-SH-SH-006,678
ET-OR-AR-SH-SH-021,679
ET-OR-AR-SH-SH-019,680
ET-OR-AR-SH-SH-016,682
ET-OR-AR-SH-SH-004,683
ET-OR-AR-SH-SH-013,684
ET-OR-AR-SH-SH-018,688
ET-OR-AR-SH-SH-022,693
ET-OR-AR-SH-SH-020,694
ET-OR-AR-SH-SH-023,695
ET-OR-AR-SH-SH-017,696
ET-OR-AR-SH-SH-030,697
ET-OR-AR-SH-SH-026,698
ET-OR-AR-SH-SH-025,700
ET-OR-AR-SH-SH-029,701
ET-OR-AR-SH-SH-028,702
ET-OR-AR-SH-SH-027,703
ET-OR-AR-SH-SH-024,704
ET-GA-AN-GA-GH-85,718
ET-GA-AN-GA-GH-84,721
ET-GA-AN-GA-GH-52,727
ET-GA-AN-GA-GH-50,729
ET-GA-AN-GA-GH-44,730
ET-GA-AN-GA-GH-89,733
ET-GA-AN-GA-GH-77,735
ET-GA-AN-GA-GH-86,737
ET-GA-AN-GA-GH-40,738
ET-GA-AN-GA-GH-51,739
ET-GA-AN-GA-GH-49,740
ET-GA-AN-GA-GH-48,741
ET-GA-AN-GA-GH-53,744
ET-OR-SWS-BETBH-52,748
ET-OR-SWS-BETBH-42,749
ET-OR-SWS-BETBH-50,752
ET-OR-SWS-BETBH-44,753
ET-OR-SWS-BETBH-51,755
ET-OR-SWS-BETBH-47,758
ET-OR-SWS-BETBH-41,760
ET-OR-SWS-BETBH-43,761
ET-OR-SWS-BETBH-46,764
ET-OR-SWS-BETBH-48,765
ET-OR-SWS-BETBH-49,766
ET-OR-SWS-BETBH-45,767
ET-OR-SWS-BETBH-53,768
ET-GA-AN-GA-GH-43,769
ET-GA-AN-GA-GH-91,770
ET-GA-AN-GA-GH-41,778
ET-AA-YE-Y12H-12,780
ET-AA-YE-Y12H-13,781
ET-AA-YE-Y12H-19,784
ET-GA-AN-GA-GH-46,785
ET-GA-AN-GA-GH-95,786
ET-GA-AN-GA-GH-54,787
ET-GA-AN-GA-GH-93,788
ET-AA-YE-Y12H-5,790
ET-AA-YE-Y12H-2,791
ET-GA-AN-GA-GH-87,794
ET-GA-AN-GA-GH-28,795
ET-AA-YE-Y12H-15,797
ET-AA-YE-Y12H-6,798
ET-AA-YE-Y12H-11,800
ET-GA-AN-GA-GH-78,801
ET-GA-AN-GA-GH-88,802
ET-GA-AN-GA-GH-30,803
ET-AA-YE-Y12H-14,805
ET-AA-YE-Y12H-4,806
ET-GA-AN-GA-GH-39,809
ET-GA-AN-GA-GH-37,811
ET-GA-AN-GA-GH-32,812
ET-AA-YE-Y12H-7,814
ET-AA-YE-Y12H-21,815
ET-AA-YE-Y12H-8,816
ET-GA=AN-GA-GH-54,817
ET-GA=AN-GA-GH-35,818
ET-GA=AN-GA-GH-33,819
ET-GA=AN-GA-GH-31,820
ET-AA-YE-Y12H-17,821
ET-AA-YE-Y12H-1,822
ET-GA-AN-GA-GH-42,825
ET-GA-AN-GA-GH-35,826
ET-GA-AN-GA-GH-?,827
ET-GA-AN-GA-GH-8,828
ET-AA-YE-Y12H-16,829
ET-AA-YE-Y12H-3,830
ET-AA-YE-Y12H-20,831
ET-AA-YE-Y12H-10,832
ET-SN-HA-HO-HH-1,836
ET-SN-HA-HO-HH-2,837
ET-SN-HA-HO-HH-12,844
ET-OR-GU-AT-ADH-1,848
ET-SN-HA-HO-HH-11,851
ET-SN-HA-HO-HH-9,852
ET-SN-HA-HO-HH-6,853
ET-SN-BSH-MASH-4,857
ET-GA-AN-GA-GH-94,858
ET-GA-AN-GA-GH-79,859
ET-SN-HA-HO-HH-3,860
ET-SN-HA-HO-HH-14,862
ET-OR-GU-AT-ADH-17,863
ET-OR-GU-AT-ADH-16,864
ET-SN-BSH-MATH-4,867
ET-SN-HA-HO-HH-10,869
ET-SN-HA-HO-HH-15,870
ET-OR-GU-AT-ADH-6,871
ET-SN-BSH-MATH-8,873
ET-SN-BSH-MATH-7,875
ET-GA-AN-GA-GH-47,876
ET-GA-AN-GA-GH-90,877
ET-SN-HA-HO-HH-8,878
ET-SN-HA-HO-HH-5,879
ET-OR-GU-AT-ADH-11,880
ET-SN-BSH-MATH-6,881
ET-SN-BSH-MATH-5,882
ET-SN-BSH-MATH-1,883
ET-SN-BSH-MATH-3,884
ET-GA=AN-GA-GH-85,885
ET-SN-HA-HO-HH-7,886
ET-SN-HA-HO-HH-4,887
ET-SN-BSH-MATH-2,889
ET-OR-GU-AT-ADH-87,891
ET-OR-GU-AT-ADH-76,892
ET-OR-GU-AT-ADH-85,893
ET-OR-GU-AT-ADH-79,894
ET-OR-GU-AT-ADH-78,895
ET-AM-NS-SRHC-11,903
ET-AM-NS-SRHC-7,904
ET-AM-NS-SRHC-38,909
ET-AM-NS-SRHC-52,910
ET-AM-NS-SRHC-10,918
ET-AM-NS-SRHC-8,920
ET-AM-NS-SRHC-44,921
ET-AM-NS-SRHC-47,923
ET-AM-NS-SRHC-51,925
ET-AM-NS-SRHC-12,926
ET-AM-NS-SRHC-49,930
ET-AM-NS-SRHC-37,931
ET-AM-NS-SRHC-32,932
ET-AM-NS-SRHC-35,933
ET-AM-NS-SRHC-4,936
ET-AM-NS-SRHC-45,937
ET-AM-NS-SRHC-39,938
ET-AM-NS-SRHC-41,939
ET-AM-NS-SRHC-42,940
ET-AM-NS-SRHC-5,942
ET-AM-NS-SRHC-2,943
ET-AM-NS-SRHC-13,944
ET-AM-NS-SRHC-34,945
ET-AM-NS-SRHC-46,946
ET-AM-NS-SRHC-40,947
ET-AM-NS-SRHC-43,949
ET-AM-NS-SRHC-1,950
ET-AM-NS-SRHC-3,952
ET-AM-NS-SRHC-36,953
ET-AM-NS-SRHC-48,955
ET-AM-NS-SRHC-50,956
ET-AM-NS-SRHC-33,957
ET-AM-NS-SRHC-14,958
ET-AM-NS-SRHC-6,960
ET-SN-SI-YE-YH-4,965
ET-SN-SI-YE-YH-102,969
ET-SN-SI-YE-YH-9,971
ET-SN-SI-YE-YH-11,972
ET-SN-SI-YE-YH-5,975
ET-SN-SI-YE-YH-77,976
ET-SN-SI-YE-YH-95,977
ET-SN-SI-YE-YH-101,978
ET-SN-SI-YE-YH-86,982
ET-SN-SI-YE-YH-18,983
ET-SN-SI-YE-YH-78,984
ET-SN-SI-YE-YH-69,986
ET-SN-SI-YE-YH-8,989
ET-SN-SI-YE-YH-71,996
ET-SN-SI-YE-YH-90,997
ET-SN-SI-YE-YH-85,998
ET-SN-SI-YE-YH-88,1000
ET-SN-SI-YE-YH-61,1002
ET-SN-SI-YE-YH-80,1004
ET-SN-SI-YE-YH-70,1005
ET-SN-SI-YE-YH-79,1006
ET-SN-SI-YE-YH-75,1007
ET-SN-SI-YE-YH-12,1008
ET-SN-SI-YE-YH-92,1009
ET-SN-SI-YE-YH-74,1012
ET-SN-SI-YE-YH-87,1013
ET-SN-SI-YE-YH-68,1015
ET-SN-SI-YE-YH-13,1016
ET-SN-SI-YE-YH-93,1017
ET-SN-SI-YE-YH-106,1018
ET-SN-SI-YE-YH-76,1019
ET-SN-SI-YE-YH-14,1021
ET-SN-SI-YE-YH-6,1022
ET-SN-SI-YE-YH-10,1023
ET-AM-NS-SR-SRHC-7,1025
ET-AM-NS-SR-SRHC-3,1031
ET-AM-NS-SR-SRHC-8,1034
ET-AM-NS-SR-SRHC-4,1036
ET-AM-NS-SR-SRHC-2,1038
ET-AM-NS-SR-SRHC-6,1040
ET-AM-NS-SR-SRHC-12,1044
ET-AM-NS-SR-SRHC-13,1045
ET-AM-NS-SR-SRHC-5,1046
ET-AM-NS-SR-SRHC-1,1047
ET-AM-NS-SR-SRHC-14,1048
ET-AM-NS-SR-SRHC-51,1052
ET-AM-NS-SR-SRHC-42,1062
ET-AM-NS-SR-SRHC-43,1063
ET-AM-NS-SR-SRHC-50,1064
ET-AM-NS-SR-SRHC-32,1066
ET-AM-NS-SR-SRHC-35,1067
ET-AM-NS-SR-SRHC-41,1070
ET-AM-NS-SR-SRHC-37,1073
ET-AM-NS-SR-SRHC-33,1074
ET-AM-NS-SR-SRHC-40,1076
ET-AM-NS-SR-SRHC-49,1077
ET-AM-NS-SR-SRHC-39,1078
ET-AM-NS-SR-SRHC-48,1080
ET-AM-NS-SR-SRHC-52,1081
ET-AM-NS-SR-SRHC-47,1082
ET-AM-NS-SR-SRHC-46,1083
ET-AM-NS-SR-SRHC-44,1084
ET-AM-NS-SR-SRHC-45,1086
ET-AM-NS-SR-SRHC-34,1087
ET-AM-NS-SR-SRHC-36,1088
ET-OR-SWS-BE-TBH-58,1091
ET-OR-SWS-BE-TBH-61,1095
ET-OR-SWS-BE-TBH-62,1101
ET-OR-SWS-BE-TBH-54,1102
ET-OR-SWS-BE-TBH-57,1109
ET-OR-SWS-BE-TBH-11,1110
ET-OR-SWS-BE-TBH-5,1111
ET-OR-SWS-BE-TBH-59,1115
ET-OR-SWS-BE-TBH-8,1117
ET-OR-SWS-BE-TBH-4,1120
ET-OR-SWS-BE-TBH-3,1122
ET-OR-SWS-BE-TBH-9,1123
ET-OR-SWS-BE-TBH-10,1124
ET-OR-SWS-BE-TBH-7,1125
ET-OR-SWS-BE-TBH-13,1126
ET-OR-SWS-BE-TBH-2,1127
ET-OR-SWS-BE-TBH-1,1128
ET-OR-SWS-BE-TBH-21,1130
ET-OR-SWS-BE-TBH-15,1133
ET-OR-SWS-BE-TBH-14,1136
ET-OR-SWS-BE-TBH-18,1138
ET-OR-SWS-BE-TBH-24,1140
ET-OR-SWS-BE-TBH-16,1141
ET-OR-SWS-BE-TBH-23,1142
ET-OR-SWS-BE-TBH-19,1143
ET-OR-SWS-BE-TBH-25,1144
ET-OR-SWS-BE-TBH-12,1146
ET-OR-SWS-BE-TBH-20,1147
ET-OR-SWS-BE-TBH-60,1148
ET-OR-SWS-BE-TBH-6,1150
ET-OR-SWS-BE-TBH-22,1151
ET-OR-SWS-BE-TBH-17,1152
ET-SN-SI-YE-YH-39,1153
ET-SN-SI-YE-YH-30,1154
ET-SN-SI-YE-YH-36,1156
ET-SN-SI-YE-YH-17,1157
ET-AM-NS-SR-SRHC-11,1160
ET-SN-SI-YE-YH-83,1161
ET-SN-SI-YE-YH-40,1162
ET-SN-SI-YE-YH-43,1163
ET-SN-SI-YE-YH-21,1164
ET-SN-SI-YE-YH-16,1165
ET-AA-KK-KE-HC-4,1167
ET-SN-SI-YE-YH-19,1168
ET-SN-SI-YE-YH-41,1169
ET-SN-SI-YE-YH-84,1172
ET-AA-KK-KE-HC-2,1174
ET-AA-KK-MK-HC-2,1175
ET-SN-SI-YE-YH-104,1176
ET-SN-SI-YE-YH-27,1177
ET-SN-SI-YE-YH-45,1178
ET-SN-SI-YE-YH-46,1179
ET-AA-KK-W3-HC-5,1181
ET-AA-KK-KE-HC-1,1183
ET-SN-SI-YE-YH-7,1184
ET-SN-SI-YE-YH-49,1186
ET-AA-KK--W3-HC-5,1189
ET-AA-KK-W3-HC-3,1191
ET-SN-SI-YE-YH-96,1192
ET-SN-SI-YE-YH-29,1194
ET-SN-SI-YE-YH-38,1195
ET-SN-SI-YE-YH-31,1196
ET-AA-KK-W3-HC-2,1199
ET-SN-SI-YE-YH-73,1200
ET-SN-SI-YE-YH-34,1202
ET-SN-SI-YE-YH-33,1203
ET-SN-SI-YE-YH-60,1204
ET-AA-KK-W3-HC-1,1206
ET-SN-SI-YE-YH-72,1208
ET-SN-SI-YE-YH-28,1209
ET-SN-SI-YE-YH-37,1210
ET-SN-SI-YE-YH-47,1211
ET-SN-SI-YE-YH-50,1212
ET-AA-AK-AK-HC-1,1213
ET-AA-KK-MK-HC-1,1214
ET-AA-KK-W3-HC-4,1215
ET-SN-SI-YE-YH-15,1216
ET-AF-ZN3-AK-A7HC-5,1219
ET-AF-ZN3-AK-A7HC-4,1220
ET-AF-ZN3-AK-A7HC-2,1221
ET-OR-GU-AT-ADH-12,1226
ET-AM-NS-DB-DBN-3,1227
ET-AFZN3-AK-A7HC-1,1228
ET-AFZN3-AK-A7HC-6,1229
ET-OR-GU-AT-ADH-4,1233
ET-OR-GU-AT-ADH-8,1234
ET-AF-Z3-AK-A7HC-4,1236
ET-AA-KK-W10-HC-1,1239
ET-AA-YE-Y12H-39,1240
ET-OR-GU-AT-ADH-18,1243
ET-AA-YE-Y12H-52,1246
ET-AA-KK-W10-HC-2,1247
ET-OR-GU-AT-ADH-2,1249
ET-OR-GU-AT-ADH-13,1251
ET-AF-Z3-AK-A7HC-5,1252
ET-AA-YE-Y12H-57,1254
ET-AA-KK-W10-KHC-2,1255
ET-AM-NS-SR-SRHC-10,1259
ET-AF-Z3-AK-A7HC-6,1260
ET-AA-YE-Y12H-54,1262
ET-AA-LI-W7-THHC-1,1263
ET-AA-YE-Y12H-42,1264
ET-OR-GU-AT-ADH-19,1266
ET-AM-NS-DB-DBN-2,1267
ET-AF-Z3-AK-A7HC-1,1268
ET-AA-YE-Y12H-55,1269
ET-AA-YE-Y12H-58,1270
ET-AA-YE-Y12H-40,1272
ET-OR-GU-AT-ADH-9,1273
ET-OR-GU-AT-ADH-14,1274
ET-OR-GU-AT-ADH-7,1275
ET-AF-Z3-AK-A7HC-7,1276
ET-AA-YE-Y12H-59,1277
ET-AA-YE-Y12H-56,1278
ET-AA-YE-Y12H-41,1279
ET-AA-YE-Y12H-43,1280
ET-GA-AN-GA-GH-97,1284
ET-GA-AN-GA-GH-82,1288
ET-GA-AN-GA-GH-83,1291
ET-GA-AN-GA-GH-113,1295
ET-GA-AN-GA-GH-92,1296
ET-GA-AN-GA-GH-74,1298
ET-GA-AN-GA-GH-81,1299
ET-GA-AN-GA-GH-80,1300
ET-GA-AN-GA-GH-76,1301
ET-GA-AN-GA-GH-56,1302
ET-GA-AN-GA-GH-75,1305
ET-GA-AN-GA-GH-73,1306
ET-GA-AN-GA-GH-65,1308
ET-GA-AN-GA-GH-68,1316
ET-GA-AN-GA-GH-105,1320
ET-GA-AN-GA-GH-67,1321
ET-GA-AN-GA-GH-60,1322
ET-GA-AN-GA-GH-66,1323
ET-GA-AN-GA-GH-104,1324
ET-GA-AN-GA-GH-101,1325
ET-GA-AN-GA-GH-114,1327
ET-GA-AN-GA-GH-103,1328
ET-GA-AN-GA-GH-64,1329
ET-GA-AN-GA-GH-100,1331
ET-GA-AN-GA-GH-109,1332
ET-GA-AN-GA-GH-107,1336
ET-GA-AN-GA-GH-72,1337
ET-GA-AN-GA-GH-71,1338
ET-GA-AN-GA-GH-106,1339
ET-GA-AN-GA-GH-62,1341
ET-GA-AN-GA-GH-102,1343
ET-GA-AN-GA-GH-111,1344
ET-GA-AN-GA-GH-55,1351
ET-GA-AN-GA-GH-69,1352
ET-OR-BA-GU-AT-ADH-56,1354
ET-OR-BA-GU-AT-ADH-26,1358
ET-GA-AN-GA-GH-63,1359
ET-OR-BA-GU-AT-ADH-38,1361
ET-OR-BA-GU-AT-ADH-61,1365
ET-GA-AN-GA-GH-18,1367
ET-OR-BA-GU-AT-ADH-65,1369
ET-OR-BA-GU-AT-ADH-64,1370
ET-OR-BA-GU-AT-ADH-47,1373
ET-OR-BA-GU-AT-ADH-55,1374
ET-GA-AN-GA-GH-59,1375
ET-OR-BA-GU-AT-ADH-66,1378
ET-OR-BA-GU-AT-ADH-52,1380
ET-OR-BA-GU-AT-ADH-41,1382
ET-GA-AN-GA-GH-70,1383
ET-GA-AN-GA-GH-57,1384
ET-OR-BA-GU-AT-ADH-25,1385
ET-OR-BA-GU-AT-ADH-53,1388
ET-OR-BA-GU-AT-ADH-50,1389
ET-OR-BA-GU-AT-ADH-60,1390
ET-OR-BA-GU-AT-ADH-103,1391
ET-OR-BA-GU-AT-ADH-71,1392
ET-OR-BA-GU-AT-ADH-48,1394
ET-OR-BA-GU-AT-ADH-51,1396
ET-OR-BA-GU-AT-ADH-62,1397
ET-OR-BA-GU-AT-ADH-23,1398
ET-GA-AN-GA-GH-36,1399
ET-GA-AN-GA-GH-112,1400
ET-OR-BA-GU-AT-ADH-67,1402
ET-OR-BA-GU-AT-ADH-46,1403
ET-OR-BA-GU-AT-ADH-49,1404
ET-OR-BA-GU-AT-ADH-57,1405
ET-GA-AN-GA-GH-108,1408
ET-OR-GU-AT-ADH-3,1410
ET-OR-GU-AT-ADH-20,1413
ET-OR-GU-AT-ADH-15,1414
ET-OR-GU-AT-ADH-5,1415
ET-OR-GU-AT-ADH-10,1416
ET-OR-SWS-BE-TBH-56,1417
ET-SN-WO-SO-SH-011,1421
ET-SN-WO-SO-SH-024,1423
ET-SN-WO-SO-SH-022,1424
ET-OR=SWS-BE-TBH-58,1425
ET-OR-JI-SGH-7,1426
ET-OR-JI-SGH-5,1427
ET-OR-JI-SGH-11,1428
ET-SN-WO-SO-SH-014,1429
ET-SN-WO-SO-SH-002,1430
ET-SN-WO-SO-SH-003,1431
ET-OR-SWS-BE-TBH-55,1433
ET-OR-JI-SGH-9,1434
ET-OR-JI-SGH-8,1435
ET-OR-JI-SGH-4,1437
ET-SN-WO-SO-SH-54,1439
ET-OR-SWS-BE-TBH-63,1441
ET-OR-JI-SGH-14,1442
ET-OR-JI-SGH-2,1443
ET-OR-JI-SGH-13,1444
ET-OR-JI-SGH-12,1445
ET-OR-JI-SGH-1,1447
ET-OR-JI-SGH-6,1448
ET-OR-JI-SGH-3,1449
ET-OR-JI-SGH-10,1450
ET-GA-AN-GA-GH-22,1453
ET-GA-AN-GA-GH-26,1458
ET-GA-AN-GA-GH-20,1459
ET-GA-AN-GA-GH-19,1460
ET-GA-AN-GA-GH-21,1461
ET-GA-AN-GA-GH-??,1462
ET-GA-AN-GA-GH-25,1463
ET-GA-AN-GA-GH-110,1464
ET-GA-AN-GA-GH-17,1465
ET-GA-AN-GA-GH-16,1469
ET-GA-AN-GA-GH-58,1470
ET-GA-AN-GA-GH-24,1471
ET-GA-AN-GA-GH-23,1472
ET-SN-WO-SO-SH-75,1474
ET-SN-WO-SO-SH-35,1479
ET-SN-SI-YE-YH-82,1480
ET-SN-WO-SO-SH-52,1482
ET-SN-WO-SO-SH-60,1486
ET-SN-WO-SO-SH-030,1487
ET-SN-WO-SO-SH-029,1488
ET-SN-WO-SO-SH-53,1490
ET-SN-WO-SO-SH-56,1492
ET-SN-WO-SO-SH-70,1493
ET-SN-WO-SO-SH-69,1494
ET-SN-WO-SO-SH-82,1496
ET-SN-WO-SO-SH-92,1498
ET-SN-WO-SO-SH-006,1499
ET-SN-WO-SO-SH-86,1500
ET-SN-WO-SO-SH-55,1501
ET-SN-WO-SO-SH-59,1502
ET-SN-WO-SO-SH-51,1503
ET-SN-WO-SO-SH-84,1506
ET-SN-WO-SO-SH-015,1507
ET-SN-WO-SO-SH-73,1509
ET-SN-WO-SO-SH-77,1510
ET-SN-WO-SO-SH-58,1512
ET-SN-WO-SO-SH-74,1513
ET-SN-WO-SO-SH-025,1516
ET-SN-WO-SO-SH-72,1517
ET-SN-WO-SO-SH-007,1518
ET-SN-WO-SO-SH-018,1520
ET-SN-WO-SO-SH-71,1521
ET-SN-WO-SO-SH-49,1522
ET-SN-WO-SO-SH-76,1523
ET-SN-WO-SO-SH-009,1525
ET-SN-WO-SO-SH-001,1526
ET-SN-WO-SO-SH-013,1527
ET-SN-WO-SO-SH-016,1528
ET-SN-WO-SO-SH-50,1529
ET-SN-WO-SO-SH-57,1530
ET-SN-WO-SO-SH-61,1531
ET-SN-WO-SO-SH-004,1532
ET-SN-WO-SO-SH-012,1533
ET-SN-WO-SO-SH-019,1534
ET-SN-WO-SO-SH-78,1535
ET-SN-WO-SO-SH-90,1536
ET-OR-BA-AT-ADH-33,1537
ET-SO-GO-GH-16,1538
ET-SO-GO-GH-4,1539
ET-SO-GO-GH-10,1546
ET-SO-GO-GH-12,1547
ET-SO-GO-GH-27,1550
ET-OR-GU-AT-ADH-27,1553
ET-SO-GO-GH-18,1554
ET-SO-GO-GH-3,1555
ET-SO-GO-GH-25,1558
ET-SO-GO-GH-35,1559
ET-SO-GO-GH-13,1562
ET-SO-GO-GH-5,1563
ET-SO-GO-GH-31,1567
ET-SO-GO-GH-23,1568
ET-SO-GO-GH-11,1570
ET-SO-GO-GH-1,1571
ET-SO-GO-GH-39,1572
ET-SO-GO-GH-40,1573
ET-SO-GO-GH-26,1574
ET-SO-GO-GH-32,1575
ET-SO-GO-GH-29,1576
ET-SO-GO-GH-2,1577
ET-SO-GO-GH-9,1578
ET-SO-GO-GH-15,1579
ET-SO-GO-GH-22,1582
ET-SO-GO-GH-33,1583
ET-SO-GO-GH-21,1584
ET-SO-GO-GH-19,1585
ET-SO-GO-GH-20,1586
ET-SO-GO-GH-8,1587
ET-SO-GO-GH-36,1588
ET-SO-GO-GH-30,1590
ET-SO-GO-GH-34,1591
ET-SO-GO-GH-28,1592
ET-SO-GO-GH-17,1593
ET-SO-GO-GH-6,1594
ET-SO-GO-GH-7,1595
ET-SO-GO-GH-14,1596
ET-SO-GO-GH-37,1597
ET-SO-GO-GH-38,1598
ET-SO-GO-GH-24,1600
ET-OR-GU-AT-ADH-30,1601
ET-OR-GU-AT-ADH-29,1602
ET-OR-GU-AT-ADH-24,1603
ET-OR-GU-AT-ADH-55,1604
ET-OR-GU-AT-ADH-23,1605
ET-OR-BA-GU-AT-ADH-21,1607
ET-OR-BA-GU-AT-ADH-37,1609
ET-OR-BA-GU-AT-ADH-33,1611
ET-OR-BA-GU-AT-ADH-36,1614
ET-AM-NS-SR-SRHC-18,1615
ET-AM-NS-SR-SRHC-16,1616
ET-OR-BA-GU-AT-ADH-39,1618
ET-OR-BA-GU-AT-ADH-40,1619
ET-OR-BA-GU-AT-ADH-43,1620
ET-OR-BA-GU-AT-ADH-58,1622
ET-OR-BA-GU-AT-ADH-54,1623
ET-OR-BA-GU-AT-ADH-42,1625
ET-OR-BA-GU-AT-ADH-27,1626
ET-OR-BA-GU-AT-ADH-31,1627
ET-OR-BA-GU-AT-ADH-22,1628
ET-OR-BA-GU-AT-ADH-24,1629
ET-SN-GG-AM-AH-7,1630
ET-OR-BA-GU-AT-ADH-34,1632
ET-OR-BA-GU-AT-ADH-45,1633
ET-AM-NS-SSR-SRHC-23,1634
ET-OR-BA-GU-AT-ADH-59,1635
ET-OR-BA-GU-AT-ADH-35,1636
ET-AM-NS-SR-SRHC-24,1638
ET-OR-GU-AT-ADH-28,1640
ET-OR-BA-GU-AT-ADH-44,1642
ET-OR-BA-GU-AT-ADH-63,1643
ET-OR-BA-GU-AT-ADH-29,1644
ET-AM-NS-SR-SRHC-15,1645
ET-AM-NS-SR-SRHC-26,1646
ET-AM-NS-SR-SRHC-28,1647
ET-AM-NS-SR-SRHC-25,1648
ET-AM-NS-SR-SRHC-31,1650
ET-AM-NS-SR-SRHC-23,1651
ET-AM-NS-SR-SRHC-29,1652
ET-OR-BA-GU-AT-ADH-32,1657
ET-AM-NS-SR-SRHC-20,1658
ET-AM-NS-SR-SRHC-38,1659
ET-AM-NS-SR-SRHC-27,1660
ET-AM-NS-SR-SRHC-22,1661
ET-AM-NS-SR-SRHC-21,1662
ET-AM-NS-SR-SRHC-17,1663
ET-AM-NS-SR-SRHC-30,1664
ET-BG-AS-AS-AH-92,1665
ET-BG-AS-AS-AH-82,1673
ET-BG-AS-AS-AH-94,1675
ET-BG-AS-AS-AH-100,1677
ET-BG-AS-AS-AH-97,1679
ET-BG-AS-AS-AH-70,1682
ET-BG-AS-AS-AH-67,1685
ET-BG-AS-AS-AH-88,1688
ET-BG-AS-AS-AH-77,1689
ET-BG-AS-AS-AH-89,1691
ET-BG-AS-AS-AH-78,1695
ET-BG-AS-AS-AH-80,1696
ET-BG-AS-AS-AH-59,1700
ET-BG-AS-AS-AH-90,1701
ET-BG-AS-AS-AH-61,1702
ET-BG-AS-AS-AH-69,1704
ET-BG-AS-AS-AH-85,1705
ET-BG-AS-AS-AH-64,1707
ET-BG-AS-AS-AH-86,1708
ET-BG-AS-AS-AH-65,1709
ET-BG-AS-AS-AH-96,1710
ET-BG-AS-AS-AH-63,1711
ET-BG-AS-AS-AH-91,1712
ET-BG-AS-AS-AH-83,1713
ET-BG-AS-AS-AH-??,1714
ET-BG-AS-AS-AH-95,1715
ET-BG-AS-AS-AH-84,1716
ET-BG-AS-AS-AH-99,1717
ET-BG-AS-AS-AH-58,1718
ET-BG-AS-AS-AH-79,1719
ET-BG-AS-AS-AH-98,1721
ET-BG-AS-AS-AH-68,1722
ET-BG-AS-AS-AH-60,1724
E97T-BG-AS-AS-AH-,1725
ET-BG-AS-AS-AH-62,1726
ET-BG-AS-AS-AH-87,1727
ET-BG-AS-AS-AH-93,1728
