barcode,manifest_sno,freezer_no,normalized_barcode
ET-AM-BD-BD-AAH-03,1,,et-am-bd-bd-aah-03
ET-AM-BD-BD-AAH-12,2.0,,et-am-bd-bd-aah-12
ET-AM-BD-BD-AAH-13,3.0,,et-am-bd-bd-aah-13
ET-AM-BD-BD-AAH-18,4.0,,et-am-bd-bd-aah-18
ET-AM-BD-BD-AAH-19,5.0,,et-am-bd-bd-aah-19
ET-BG-AS-AS-AH-8,6.0,,et-bg-as-as-ah-8
ET-AM-BD-BD-AAH-19,7.0,,et-am-bd-bd-aah-19
ET-BG-AS-AS-AH-16,8.0,,et-bg-as-as-ah-16
ET-AM-BD-BD-AAH-15,9.0,,et-am-bd-bd-aah-15
ET-AM-BD-BD-AAH-16,10.0,,et-am-bd-bd-aah-16
ET-AM-BD-BD-AAH-1,11.0,,et-am-bd-bd-aah-1
ET-AM-BD-BD-AAH-14,12.0,,et-am-bd-bd-aah-14
ET-AM-BD-BD-AAH-15,13.0,,et-am-bd-bd-aah-15
ET-AM-BD-BD-AAH-4,14.0,,et-am-bd-bd-aah-4
ET-AM-BD-BD-AAH-5,15.0,,et-am-bd-bd-aah-5
ET-AM-BD-BD-AAH-2,16.0,,et-am-bd-bd-aah-2
ET-AM-BD-BD-AAH-16,17.0,,et-am-bd-bd-aah-16
ET-AM-BD-BD-AAH-17,18.0,,et-am-bd-bd-aah-17
ET-AM-BD-BD-AAH-18,19.0,,et-am-bd-bd-aah-18
ET-AM-BD-BD-AAH-3,20.0,,et-am-bd-bd-aah-3
ET-AM-BD-BD-AAH-12,21.0,,et-am-bd-bd-aah-12
ET-AM-BD-BD-AAH-14,22.0,,et-am-bd-bd-aah-14
ET-AM-BD-BD-AAH-1,23.0,,et-am-bd-bd-aah-1
ET-AM-BD-BD-AAH-5,24.0,,et-am-bd-bd-aah-5
ET-BG-AS-AS-AH-10,25.0,,et-bg-as-as-ah-10
ET-BG-AS-AS-AH-15,26.0,,et-bg-as-as-ah-15
ET-AM-BD-BD-AAH-4,27.0,,et-am-bd-bd-aah-4
ET-BG-AS-AS-AH-7,28.0,,et-bg-as-as-ah-7
ET-AM-BD-BD-AAH-13,29.0,,et-am-bd-bd-aah-13
ET-AM-BD-BD-AAH-2,30.0,,et-am-bd-bd-aah-2
ET-BG-AS-AS-AH-13,31.0,,et-bg-as-as-ah-13
ET-BG-AS-AS-AH-7,32.0,,et-bg-as-as-ah-7
ET-BG-AS-AS-AH-18,33.0,,et-bg-as-as-ah-18
ET-BG-AS-AS-AH-9,34.0,,et-bg-as-as-ah-9
ET-BG-AS-AS-AH-10,35.0,,et-bg-as-as-ah-10
ET-BG-AS-AS-AH-13,36.0,,et-bg-as-as-ah-13
ET-BG-AS-AS-AH-16,37.0,,et-bg-as-as-ah-16
ET-BG-AS-AS-AH-9,38.0,,et-bg-as-as-ah-9
ET-BG-AS-AS-AH-3,39.0,,et-bg-as-as-ah-3
ET-BG-AS-AS-AH-4,40.0,,et-bg-as-as-ah-4
ET-BG-AS-AS-AH-6,41.0,,et-bg-as-as-ah-6
ET-BG-AS-AS-AH-4,42.0,,et-bg-as-as-ah-4
ET-BG-AS-AS-AH-2,43.0,,et-bg-as-as-ah-2
ET-BG-AS-AS-AH-17,44.0,,et-bg-as-as-ah-17
ET-BG-AS-AS-AH-12,45.0,,et-bg-as-as-ah-12
ET-BG-AS-AS-AH-14,46.0,,et-bg-as-as-ah-14
ET-BG-AS-AS-AH-3,47.0,,et-bg-as-as-ah-3
ET-BG-AS-AS-AH-18,48.0,,et-bg-as-as-ah-18
ET-BG-AS-AS-AH-14,49.0,,et-bg-as-as-ah-14
ET-BG-AS-AS-AH-1,50.0,,et-bg-as-as-ah-1
ET-BG-AS-AS-AH-5,51.0,,et-bg-as-as-ah-5
ET-BG-AS-AS-AH-19,52.0,,et-bg-as-as-ah-19
ET-BG-AS-AS-AH-8,53.0,,et-bg-as-as-ah-8
ET-BG-AS-AS-AH-12,54.0,,et-bg-as-as-ah-12
ET-BG-AS-AS-AH-15,55.0,,et-bg-as-as-ah-15
ET-BG-AS-AS-AH-20,56.0,,et-bg-as-as-ah-20
ET-BG-AS-AS-AH-20,57.0,,et-bg-as-as-ah-20
ET-BG-AS-AS-AH-5,58.0,,et-bg-as-as-ah-5
ET-BG-AS-AS-AH-11,59.0,,et-bg-as-as-ah-11
ET-BG-AS-AS-AH-19,60.0,,et-bg-as-as-ah-19
ET-BG-AS-AS-AH-6,61.0,,et-bg-as-as-ah-6
ET-BG-AS-AS-AH-1,62.0,,et-bg-as-as-ah-1
ET-BG-AS-AS-AH-11,63.0,,et-bg-as-as-ah-11
ET-BG-AS-AS-AH-17,64.0,,et-bg-as-as-ah-17
ET-AA-YE-Y12-51,65.0,,et-aa-ye-y12-51
ET-AA-KK-W1O-HC-12,66.0,,et-aa-kk-w1o-hc-12
ET-AA-LI-W7-THHC-3,67.0,,et-aa-li-w7-thhc-3
ET-AA-YE-Y12-36,68.0,,et-aa-ye-y12-36
ET-AA-YE-Y12H-18,69.0,,et-aa-ye-y12h-18
ET-AA-YE-Y12H-22,70.0,,et-aa-ye-y12h-22
ET-AA-YE-Y12H-32,71.0,,et-aa-ye-y12h-32
ET-AA-YE-Y12H-23,72.0,,et-aa-ye-y12h-23
ET-AA-KK-W1O-HC-5,73.0,,et-aa-kk-w1o-hc-5
ET-AA-KK-W10-HC-12,74.0,,et-aa-kk-w10-hc-12
ET-AA-YE-Y12H-48,75.0,,et-aa-ye-y12h-48
ET-AA-YE-Y12H-51,76.0,,et-aa-ye-y12h-51
ET-AA-YE-Y12H-35,77.0,,et-aa-ye-y12h-35
ET-AA-YE-Y12H-34,78.0,,et-aa-ye-y12h-34
ET-AA-YE-Y12H-30,79.0,,et-aa-ye-y12h-30
ET-AA-YE-Y12H-28,80.0,,et-aa-ye-y12h-28
ET-AA-YE-Y12H-46,81.0,,et-aa-ye-y12h-46
ET-AA-KK-W10-HC-13,82.0,,et-aa-kk-w10-hc-13
ET-AA-LI-W7-THHC-3,83.0,,et-aa-li-w7-thhc-3
ET-AA-YE-Y12H-45,84.0,,et-aa-ye-y12h-45
ET-AA-YE-Y12H-38,85.0,,et-aa-ye-y12h-38
ET-AA-YE-Y12H-24,86.0,,et-aa-ye-y12h-24
ET-AA-YE-Y12H-26,87.0,,et-aa-ye-y12h-26
ET-AA-YE-Y12H-34,88.0,,et-aa-ye-y12h-34
ET-AA-YE-Y12H-38,89.0,,et-aa-ye-y12h-38
ET-AA-YE-Y12H-5,90.0,,et-aa-ye-y12h-5
ET-AA-YE-Y12H-50,91.0,,et-aa-ye-y12h-50
ET-AA-YE-Y12H-47,92.0,,et-aa-ye-y12h-47
ET-AA-YE-Y12H-47,93.0,,et-aa-ye-y12h-47
ET-AA-YE-Y12H-23,94.0,,et-aa-ye-y12h-23
ET-AA-YE-Y12H-33,95.0,,et-aa-ye-y12h-33
ET-AA-YE-Y12H-27,96.0,,et-aa-ye-y12h-27
ET-AA-LI-W7-THHC-4,97.0,,et-aa-li-w7-thhc-4
ET-AA-YE-Y12H-37,98.0,,et-aa-ye-y12h-37
ET-AA-YE-Y12H-49,99.0,,et-aa-ye-y12h-49
ET-AA-YE-Y12H-50,100.0,,et-aa-ye-y12h-50
ET-AA-YE-Y12H-18,101.0,,et-aa-ye-y12h-18
ET-AA-YE-Y12H-26,102.0,,et-aa-ye-y12h-26
ET-AA-YE-Y12H-27,103.0,,et-aa-ye-y12h-27
ET-AA-YE-Y12H-29,104.0,,et-aa-ye-y12h-29
ET-AA-LI-W7-THHC-4,105.0,,et-aa-li-w7-thhc-4
ET-AA-KK-W10-KHC-9,106.0,,et-aa-kk-w10-khc-9
ET-AA-YE-Y12H-46,107.0,,et-aa-ye-y12h-46
ET-AA-YE-Y12H-48,108.0,,et-aa-ye-y12h-48
ET-AA-YE-Y12H-35,109.0,,et-aa-ye-y12h-35
ET-AA-YE-Y12H-29,110.0,,et-aa-ye-y12h-29
ET-AA-YE-Y12H-25,111.0,,et-aa-ye-y12h-25
ET-AA-YE-Y12H-22,112.0,,et-aa-ye-y12h-22
ET-AA-YE-Y12H-36,113.0,,et-aa-ye-y12h-36
ET-AA-LI-THHC-8,114.0,,et-aa-li-thhc-8
ET-AA-LI-THHC-7,115.0,,et-aa-li-thhc-7
ET-AA-YE-Y12H-44,116.0,,et-aa-ye-y12h-44
ET-AA-YE-Y12H-49,117.0,,et-aa-ye-y12h-49
ET-AA-YE-Y12H-32,118.0,,et-aa-ye-y12h-32
ET-AA-YE-Y12H-24,119.0,,et-aa-ye-y12h-24
ET-AA-YE-Y12H-31,120.0,,et-aa-ye-y12h-31
ET-AA-KK-W10-KHC-6,121.0,,et-aa-kk-w10-khc-6
ET-AA-KK-W10-KHC-10,122.0,,et-aa-kk-w10-khc-10
ET-AA-YE-Y12H-45,123.0,,et-aa-ye-y12h-45
ET-AA-YE-Y12H-44,124.0,,et-aa-ye-y12h-44
ET-AA-YE-Y12H-37,125.0,,et-aa-ye-y12h-37
ET-AA-KK-W10-KHC-6,126.0,,et-aa-kk-w10-khc-6
ET-AA-YE-Y12H-30,127.0,,et-aa-ye-y12h-30
ET-AA-YE-Y12H-25,128.0,,et-aa-ye-y12h-25
ET-SN-HA-HA-HH-008,129.0,,et-sn-ha-ha-hh-008
ET-SN-HA-HA-HH-016,130.0,,et-sn-ha-ha-hh-016
ET-SN-HA-HA-HH-017,131.0,,et-sn-ha-ha-hh-017
ET-SN-HA-HA-HH-020,132.0,,et-sn-ha-ha-hh-020
ET-SN-HA-HA-HH-020,133.0,,et-sn-ha-ha-hh-020
ET-SN-HA-HA-HH-019,134.0,,et-sn-ha-ha-hh-019
ET-SN-HA-HA-HH-012,135.0,,et-sn-ha-ha-hh-012
ET-SN-HA-HA-HH-012,136.0,,et-sn-ha-ha-hh-012
ET-AA-YE-Y12H-28,137.0,,et-aa-ye-y12h-28
ET-SN-HA-HA-HH-009,138.0,,et-sn-ha-ha-hh-009
ET-SN-HA-HA-HH-003,139.0,,et-sn-ha-ha-hh-003
ET-SN-HA-HA-HH-006,140.0,,et-sn-ha-ha-hh-006
ET-SN-HA-HA-HH-001,141.0,,et-sn-ha-ha-hh-001
ET-SN-HA-HA-HH-007,142.0,,et-sn-ha-ha-hh-007
ET-SN-HA-HA-HH-020,143.0,,et-sn-ha-ha-hh-020
ET-SN-HA-HA-HH-017,144.0,,et-sn-ha-ha-hh-017
ET-AA-YE-Y12H-31,145.0,,et-aa-ye-y12h-31
ER-OR-GU-AT-AH-41,146.0,,er-or-gu-at-ah-41
ET-SN-HA-HA-HH-011,147.0,,et-sn-ha-ha-hh-011
ET-SN-HA-HA-HH-001,148.0,,et-sn-ha-ha-hh-001
ET-SN-HA-HA-HH-007,149.0,,et-sn-ha-ha-hh-007
ET-SN-HA-HA-HH-016,150.0,,et-sn-ha-ha-hh-016
ET-SN-HA-HA-HH-018,151.0,,et-sn-ha-ha-hh-018
ET-SN-HA-HA-HH-014,152.0,,et-sn-ha-ha-hh-014
ET-AA-KK-W10-KHC-11,153.0,,et-aa-kk-w10-khc-11
ET-AA-YE-Y12H-33,154.0,,et-aa-ye-y12h-33
ET-SN-HA-HA-HH-010,155.0,,et-sn-ha-ha-hh-010
ET-SN-HA-HA-HH-005,156.0,,et-sn-ha-ha-hh-005
ET-SN-HA-HA-HH-009,157.0,,et-sn-ha-ha-hh-009
ET-SN-HA-HA-HH-014,158.0,,et-sn-ha-ha-hh-014
ET-SN-HA-HA-HH-018,159.0,,et-sn-ha-ha-hh-018
ET-OR-AR-SH-SH-031,160.0,,et-or-ar-sh-sh-031
ET-AA-KK-W10-KHC-9,161.0,,et-aa-kk-w10-khc-9
ET-AA-KK-W10-KHC-13,162.0,,et-aa-kk-w10-khc-13
ET-AA-KK-W10-KHC-03,163.0,,et-aa-kk-w10-khc-03
ET-SN-HA-HA-HH-002,164.0,,et-sn-ha-ha-hh-002
ET-SN-HA-HA-HH-011,165.0,,et-sn-ha-ha-hh-011
ET-SN-HA-HA-HH-010,166.0,,et-sn-ha-ha-hh-010
ET-SN-HA-HA-HH-004,167.0,,et-sn-ha-ha-hh-004
ET-SN-HA-HA-HH-003,168.0,,et-sn-ha-ha-hh-003
ET-AA-KK-W10-KHC-4,169.0,,et-aa-kk-w10-khc-4
ET-AA-LI-W7-THHC-8,170.0,,et-aa-li-w7-thhc-8
ET-AA-KK-W10-KHC-11,171.0,,et-aa-kk-w10-khc-11
ET-OR-ES-AD-AH-016,172.0,,et-or-es-ad-ah-016
ET-AA-KK-W10-KHC-10,173.0,,et-aa-kk-w10-khc-10
ET-SN-HA-HA-HH-002,174.0,,et-sn-ha-ha-hh-002
ET-SN-HA-HA-HH-005,175.0,,et-sn-ha-ha-hh-005
ET-SN-HA-HA-HH-004,176.0,,et-sn-ha-ha-hh-004
ET-OR-ES-AD-AH-012,177.0,,et-or-es-ad-ah-012
ET-OR-ES-AD-AH-006,178.0,,et-or-es-ad-ah-006
ET-OR-ES-AD-AH-018,179.0,,et-or-es-ad-ah-018
ET-OR-ES-AD-AH-004,180.0,,et-or-es-ad-ah-004
ET-OR-ES-AD-AH-005,181.0,,et-or-es-ad-ah-005
ET-OR-ES-AD-AH-004,182.0,,et-or-es-ad-ah-004
ET-OR-ES-AD-AH-001,183.0,,et-or-es-ad-ah-001
ET-OR-ES-AD-AH-005,184.0,,et-or-es-ad-ah-005
ET-OR-ES-AD-AH-016,185.0,,et-or-es-ad-ah-016
ET-OR-ES-AD-AH-009,186.0,,et-or-es-ad-ah-009
ET-OR-ES-AD-AH-019,187.0,,et-or-es-ad-ah-019
ET-OR-ES-AD-AH-014,188.0,,et-or-es-ad-ah-014
ET-OR-ES-AD-AH-014,189.0,,et-or-es-ad-ah-014
ET-OR-ES-AD-AH-011,190.0,,et-or-es-ad-ah-011
ET-OR-ES-AD-AH-006,191.0,,et-or-es-ad-ah-006
ET-OR-ES-AD-AH-003,192.0,,et-or-es-ad-ah-003
ET-SN-SI-YE-YH-51,193.0,,et-sn-si-ye-yh-51
ET-SN-SI-YE-YH-58,194.0,,et-sn-si-ye-yh-58
ET-SN-SI-YE-YH-91,195.0,,et-sn-si-ye-yh-91
ET-SN-SI-YE-YH-64,196.0,,et-sn-si-ye-yh-64
ET-SN-SI-YE-YH-98,197.0,,et-sn-si-ye-yh-98
ET-AM-BD-AAH-8,198.0,,et-am-bd-aah-8
ET-OR-ES-AD-AH-015,199.0,,et-or-es-ad-ah-015
ET-OR-ES-AD-AH-009,200.0,,et-or-es-ad-ah-009
ET-SN-SI-YE-YH-65,201.0,,et-sn-si-ye-yh-65
ET-SN-SI-YE-YH-100,202.0,,et-sn-si-ye-yh-100
ET-SN-SI-YE-YH-100,203.0,,et-sn-si-ye-yh-100
ET-SN-SI-YE-YH-58,204.0,,et-sn-si-ye-yh-58
ET-SN-SI-YE-YH-98,205.0,,et-sn-si-ye-yh-98
ET-AM-BD-AAH-8,206.0,,et-am-bd-aah-8
ET-OR-ES-AD-AH-010,207.0,,et-or-es-ad-ah-010
ET-OR-ES-AD-AH-018,208.0,,et-or-es-ad-ah-018
ET-SN-SI-YE-YH-53,209.0,,et-sn-si-ye-yh-53
ET-SN-SI-YE-YH-57,210.0,,et-sn-si-ye-yh-57
ET-SN-SI-YE-YH-52,211.0,,et-sn-si-ye-yh-52
ET-SN-SI-YE-YH-94,212.0,,et-sn-si-ye-yh-94
ET-OR-ES-AD-AH-002,213.0,,et-or-es-ad-ah-002
ET-AM-BD-AAH-6,214.0,,et-am-bd-aah-6
ET-OR-ES-AD-AH-013,215.0,,et-or-es-ad-ah-013
ET-OR-ES-AD-AH-019,216.0,,et-or-es-ad-ah-019
ET-SN-SI-YE-YH-65,217.0,,et-sn-si-ye-yh-65
ET-SN-SI-YE-YH-55,218.0,,et-sn-si-ye-yh-55
ET-SN-SI-YE-YH-97,219.0,,et-sn-si-ye-yh-97
ET-SN-SI-YE-YH-67,220.0,,et-sn-si-ye-yh-67
ET-OR-ES-AD-AH-010,221.0,,et-or-es-ad-ah-010
ET-AM-BD-BD-AAH-9,222.0,,et-am-bd-bd-aah-9
ET-OR-ES-AD-AH-011,223.0,,et-or-es-ad-ah-011
ET-OR-ES-AD-AH-002,224.0,,et-or-es-ad-ah-002
ET-SN-SI-YE-YH-97,225.0,,et-sn-si-ye-yh-97
ET-SN-SI-YE-YH-59,226.0,,et-sn-si-ye-yh-59
ET-SN-SI-YE-YH-62,227.0,,et-sn-si-ye-yh-62
ET-SN-SI-YE-YH-67,228.0,,et-sn-si-ye-yh-67
ET-SN-SI-YE-YH-60,229.0,,et-sn-si-ye-yh-60
ET-AM-BD-BD-AHH-10,230.0,,et-am-bd-bd-ahh-10
ET-AM-BD-BD-AHH-17,231.0,,et-am-bd-bd-ahh-17
ET-OR-ES-AD-AH-012,232.0,,et-or-es-ad-ah-012
ET-SN-SI-YE-YH-59,233.0,,et-sn-si-ye-yh-59
ET-SN-SI-YE-YH-54,234.0,,et-sn-si-ye-yh-54
ET-SN-SI-YE-YH-64,235.0,,et-sn-si-ye-yh-64
ET-SN-SI-YE-YH-66,236.0,,et-sn-si-ye-yh-66
ET-SN-SI-YE-YH-99,237.0,,et-sn-si-ye-yh-99
ET-AM-BA-BD-AH-10,238.0,,et-am-ba-bd-ah-10
ET-OR-ES-AD-AH-001,239.0,,et-or-es-ad-ah-001
ET-OR-ES-AD-AH-013,240.0,,et-or-es-ad-ah-013
ET-SN-SI-YE-YH-57,241.0,,et-sn-si-ye-yh-57
ET-SN-SI-YE-YH-99,242.0,,et-sn-si-ye-yh-99
ET-SN-SI-YE-YH-56,243.0,,et-sn-si-ye-yh-56
ET-SN-SI-YE-YH-56,244.0,,et-sn-si-ye-yh-56
ET-SN-SI-YE-YH-54,245.0,,et-sn-si-ye-yh-54
ET-AM-BD-BD-AAH-6,246.0,,et-am-bd-bd-aah-6
ET-OR-ES-AD-AH017,247.0,,et-or-es-ad-ah017
ET-OR-ES-AD-AH015,248.0,,et-or-es-ad-ah015
ET-SN-SI-YE-YH-66,249.0,,et-sn-si-ye-yh-66
ET-SN-SI-YE-YH-52,250.0,,et-sn-si-ye-yh-52
ET-SN-SI-YE-YH-63,251.0,,et-sn-si-ye-yh-63
ET-SN-SI-YE-YH-63,252.0,,et-sn-si-ye-yh-63
ET-SN-SI-YE-YH-62,253.0,,et-sn-si-ye-yh-62
ET-AM-BD-BD-AAH-9,254.0,,et-am-bd-bd-aah-9
ET-OR-ES-AD-AH-003,255.0,,et-or-es-ad-ah-003
ET-BG-AS-AS-AH-02,256.0,,et-bg-as-as-ah-02
ET-SO-GO-GH-72,257.0,,et-so-go-gh-72
ET-SO-GO-GH-74,258.0,,et-so-go-gh-74
ET-SO-GO-GH-74,259.0,,et-so-go-gh-74
ET-SO-GO-GH-56,260.0,,et-so-go-gh-56
ET-SO-GO-GH-96,261.0,,et-so-go-gh-96
ET-SO-GO-GH-46,262.0,,et-so-go-gh-46
ET-SO-GO-GH-44,263.0,,et-so-go-gh-44
ET-SO-GO-GH-97,264.0,,et-so-go-gh-97
ET-SO-GO-GH-79,265.0,,et-so-go-gh-79
ET-SO-GO-GH-79,266.0,,et-so-go-gh-79
ET-SO-GO-GH-76,267.0,,et-so-go-gh-76
ET-SO-GO-GH-42,268.0,,et-so-go-gh-42
ET-SO-GO-GH-83,269.0,,et-so-go-gh-83
ET-SO-GO-GH-48,270.0,,et-so-go-gh-48
ET-SO-GO-GH-82,271.0,,et-so-go-gh-82
ET-SO-GO-GH-90,272.0,,et-so-go-gh-90
ET-SO-GO-GH-67,273.0,,et-so-go-gh-67
ET-SO-GO-GH-77,274.0,,et-so-go-gh-77
ET-SO-GO-GH-78,275.0,,et-so-go-gh-78
ET-SO-GO-GH-51,276.0,,et-so-go-gh-51
ET-SO-GO-GH-41,277.0,,et-so-go-gh-41
ET-SO-GO-GH-57,278.0,,et-so-go-gh-57
ET-SO-GO-GH-84,279.0,,et-so-go-gh-84
ET-SO-GO-GH-60,280.0,,et-so-go-gh-60
ET-SO-GO-GH-70,281.0,,et-so-go-gh-70
ET-SO-GO-GH-71,282.0,,et-so-go-gh-71
ET-SO-GO-GH-62,283.0,,et-so-go-gh-62
ET-SO-GO-GH-47,284.0,,et-so-go-gh-47
ET-SO-GO-GH-58,285.0,,et-so-go-gh-58
ET-SO-GO-GH-87,286.0,,et-so-go-gh-87
ET-SO-GO-GH-99,287.0,,et-so-go-gh-99
ET-SO-GO-GH-85,288.0,,et-so-go-gh-85
ET-SO-GO-GH-63,289.0,,et-so-go-gh-63
ET-SO-GO-GH-63,290.0,,et-so-go-gh-63
ET-SO-GO-GH-72,291.0,,et-so-go-gh-72
ET-SO-GO-GH-85,292.0,,et-so-go-gh-85
ET-SO-GO-GH-55,293.0,,et-so-go-gh-55
ET-SO-GO-GH-53,294.0,,et-so-go-gh-53
ET-SO-GO-GH-52,295.0,,et-so-go-gh-52
ET-SO-GO-GH-98,296.0,,et-so-go-gh-98
ET-SN-GG-AM-AH-9,297.0,,et-sn-gg-am-ah-9
ET-SO-GO-GH-68,298.0,,et-so-go-gh-68
ET-SO-GO-GH-61,299.0,,et-so-go-gh-61
ET-SO-GO-GH-100,300.0,,et-so-go-gh-100
ET-SO-GO-GH-91,301.0,,et-so-go-gh-91
ET-SO-GO-GH-59,302.0,,et-so-go-gh-59
ET-SO-GO-GH-50,303.0,,et-so-go-gh-50
ET-SO-GO-GH-54,304.0,,et-so-go-gh-54
ET-SNGG-AM-AH-20,305.0,,et-sngg-am-ah-20
ET-SN-GG-AM-AH-18,306.0,,et-sn-gg-am-ah-18
ET-SO-GO-GH-66,307.0,,et-so-go-gh-66
ET-SO-GO-GH-92,308.0,,et-so-go-gh-92
ET-SO-GO-GH-95,309.0,,et-so-go-gh-95
ET-SO-GO-GH-81,310.0,,et-so-go-gh-81
ET-SO-GO-GH-93,311.0,,et-so-go-gh-93
ET-SO-GO-GH-43,312.0,,et-so-go-gh-43
ET-SN-GG-AM-AH-4,313.0,,et-sn-gg-am-ah-4
ET-SO-GO-GH-65,314.0,,et-so-go-gh-65
ET-SO-GO-GH-69,315.0,,et-so-go-gh-69
ET-SO-GO-GH-69,316.0,,et-so-go-gh-69
ET-SO-GO-GH-49,317.0,,et-so-go-gh-49
ET-SO-GO-GH-94,318.0,,et-so-go-gh-94
ET-SO-GO-GH-45,319.0,,et-so-go-gh-45
ET-SO-GO-GH-88,320.0,,et-so-go-gh-88
ET-AM-BD-BD-AAH-37,321.0,,et-am-bd-bd-aah-37
ET-AM-BD-BD-AAH-53,322.0,,et-am-bd-bd-aah-53
ET-AM-BD-BD-AAH-39,323.0,,et-am-bd-bd-aah-39
ET-AM-BD-BD-AAH-54,324.0,,et-am-bd-bd-aah-54
ET-AM-BD-BD-AAH-52,325.0,,et-am-bd-bd-aah-52
ET-AM-BD-BD-AAH-61,326.0,,et-am-bd-bd-aah-61
ET-AM-BD-BD-AAH-38,327.0,,et-am-bd-bd-aah-38
ET-AM-BD-BD-AAH-48,328.0,,et-am-bd-bd-aah-48
ET-AM-BD-BD-AAH-37,329.0,,et-am-bd-bd-aah-37
ET-AM-BD-BD-AAH-40,330.0,,et-am-bd-bd-aah-40
ET-AM-BD-BD-AAH-43,331.0,,et-am-bd-bd-aah-43
ET-AM-BD-BD-AAH-60,332.0,,et-am-bd-bd-aah-60
ET-AM-BD-BD-AAH-39,333.0,,et-am-bd-bd-aah-39
ET-AM-BD-BD-AAH-59,334.0,,et-am-bd-bd-aah-59
ET-AM-BD-BD-AAH-56,335.0,,et-am-bd-bd-aah-56
ET-AM-BD-BD-AAH-46,336.0,,et-am-bd-bd-aah-46
ET-AM-BD-BD-AAH-50,337.0,,et-am-bd-bd-aah-50
ET-AM-BD-BD-AAH-40,338.0,,et-am-bd-bd-aah-40
ET-AM-BD-BD-AAH-47,339.0,,et-am-bd-bd-aah-47
ET-AM-BD-BD-AAH-49,340.0,,et-am-bd-bd-aah-49
ET-AM-BD-BD-AAH-41,341.0,,et-am-bd-bd-aah-41
ET-AM-BD-BD-AAH-56,342.0,,et-am-bd-bd-aah-56
ET-AM-BD-BD-AAH-43,343.0,,et-am-bd-bd-aah-43
ET-AM-BD-BD-AAH-55,344.0,,et-am-bd-bd-aah-55
ET-AM-BD-BD-AAH-46,345.0,,et-am-bd-bd-aah-46
ET-AM-BD-BD-AAH-51,346.0,,et-am-bd-bd-aah-51
ET-AM-BD-BD-AAH-52,347.0,,et-am-bd-bd-aah-52
ET-AM-BD-BD-AAH-55,348.0,,et-am-bd-bd-aah-55
ET-AM-BD-BD-AAH-42,349.0,,et-am-bd-bd-aah-42
ET-AM-BD-BD-AAH-50,350.0,,et-am-bd-bd-aah-50
ET-AM-BD-BD-AAH-44,351.0,,et-am-bd-bd-aah-44
ET-AM-BD-BD-AAH-53,352.0,,et-am-bd-bd-aah-53
ET-AM-BD-BD-AAH-38,353.0,,et-am-bd-bd-aah-38
ET-AM-BD-BD-AAH-41,354.0,,et-am-bd-bd-aah-41
ET-AM-BD-BD-AAH-48,355.0,,et-am-bd-bd-aah-48
ET-AM-BD-BD-AAH-51,356.0,,et-am-bd-bd-aah-51
ET-AM-BD-BD-AAH-54,357.0,,et-am-bd-bd-aah-54
ET-AM-BD-BD-AAH-47,358.0,,et-am-bd-bd-aah-47
ET-AM-BD-BD-AAH-42,359.0,,et-am-bd-bd-aah-42
ET-AM-BD-BD-AAH-45,360.0,,et-am-bd-bd-aah-45
ET-AM-BD-BD-AAH-63,361.0,,et-am-bd-bd-aah-63
ET-AM-BD-BD-AAH-58,362.0,,et-am-bd-bd-aah-58
ET-AM-BD-BD-AAH-49,363.0,,et-am-bd-bd-aah-49
ET-AM-BD-BD-AAH-57,364.0,,et-am-bd-bd-aah-57
ET-GA-AN-GA-GH-36,365.0,,et-ga-an-ga-gh-36
ET-OR-ES-AD-AH-007,366.0,,et-or-es-ad-ah-007
ET-OR-ES-AD-AH-007,367.0,,et-or-es-ad-ah-007
ET-GA-AN-GA-GH-27,368.0,,et-ga-an-ga-gh-27
ET-GA-AN-GA-GH-34,369.0,,et-ga-an-ga-gh-34
ET-GA-AN-GA-GH-29,370.0,,et-ga-an-ga-gh-29
ET-GA-AN-GA-GH-44,371.0,,et-ga-an-ga-gh-44
ET-SN-GG-AM-AH-5,372.0,,et-sn-gg-am-ah-5
ET-SN-GG-AM-AH-31,373.0,,et-sn-gg-am-ah-31
ET-GA-AN-GA-GH-29,374.0,,et-ga-an-ga-gh-29
ET-OR-ES-AD-AH-017,375.0,,et-or-es-ad-ah-017
ET-GA-AN-GA-GH-28,376.0,,et-ga-an-ga-gh-28
ET-GA-AN-GA-GH-27,377.0,,et-ga-an-ga-gh-27
ET-SN-GG-AM-AH-8,378.0,,et-sn-gg-am-ah-8
ET-SN-GG-AM-AH-13,379.0,,et-sn-gg-am-ah-13
ET-GA-AN-GA-GH-30,380.0,,et-ga-an-ga-gh-30
ET-SN-GG-AM-AH-1,381.0,,et-sn-gg-am-ah-1
ET-GA-AN-GA-GH-61,382.0,,et-ga-an-ga-gh-61
ET-SN-GG-AM-AH-2,383.0,,et-sn-gg-am-ah-2
ET-GA-AN-GA-GH-38,384.0,,et-ga-an-ga-gh-38
ET-SN-WO-SO-SH-54,385.0,,et-sn-wo-so-sh-54
ET-SN-WO-SO-SH-81,386.0,,et-sn-wo-so-sh-81
ET-SN-WO-SO-SH-64,387.0,,et-sn-wo-so-sh-64
ET-SN-WO-SO-SH-64,388.0,,et-sn-wo-so-sh-64
ET-SN-WO-SO-SH-62,389.0,,et-sn-wo-so-sh-62
ET-SN-WO-SO-SH-62,390.0,,et-sn-wo-so-sh-62
ET-SN-WO-SO-SH-89,391.0,,et-sn-wo-so-sh-89
ET-SN-WO-SO-SH-81,392.0,,et-sn-wo-so-sh-81
ET-SN-WO-SO-SH-65,393.0,,et-sn-wo-so-sh-65
ET-SN-WO-SO-SH-68,394.0,,et-sn-wo-so-sh-68
ET-SN-WO-SO-SH-68,395.0,,et-sn-wo-so-sh-68
ET-SN-WO-SO-SH-67,396.0,,et-sn-wo-so-sh-67
ET-SN-WO-SO-SH-65,397.0,,et-sn-wo-so-sh-65
ET-SN-WO-SO-SH-038,398.0,,et-sn-wo-so-sh-038
ET-SN-WO-SO-SH-036,399.0,,et-sn-wo-so-sh-036
ET-SN-WO-SO-SH-91,400.0,,et-sn-wo-so-sh-91
ET-SN-WO-SO-SH-63,401.0,,et-sn-wo-so-sh-63
ET-SN-WO-SO-SH-63,402.0,,et-sn-wo-so-sh-63
ET-SN-WO-SO-SH-67,403.0,,et-sn-wo-so-sh-67
ET-SN-WO-SO-SH-79,404.0,,et-sn-wo-so-sh-79
ET-SN-WO-SO-SH-40,405.0,,et-sn-wo-so-sh-40
ET-SN-WO-SO-SH-41,406.0,,et-sn-wo-so-sh-41
ET-SN-WO-SO-SH-41,407.0,,et-sn-wo-so-sh-41
ET-SN-WO-SO-SH-79,408.0,,et-sn-wo-so-sh-79
ET-SN-WO-SO-SH-80,409.0,,et-sn-wo-so-sh-80
ET-SN-WO-SO-SH-88,410.0,,et-sn-wo-so-sh-88
ET-SN-WO-SO-SH-87,411.0,,et-sn-wo-so-sh-87
ET-SN-WO-SO-SH-047,412.0,,et-sn-wo-so-sh-047
ET-SN-WO-SO-SH-048,413.0,,et-sn-wo-so-sh-048
ET-SN-WO-SO-SH-042,414.0,,et-sn-wo-so-sh-042
ET-SN-WO-SO-SH-039,415.0,,et-sn-wo-so-sh-039
ET-SN-WO-SO-SH-82,416.0,,et-sn-wo-so-sh-82
ET-SN-WO-SO-SH-88,417.0,,et-sn-wo-so-sh-88
ET-SN-WO-SO-SH-85,418.0,,et-sn-wo-so-sh-85
ET-SN-WO-SO-SH-037,419.0,,et-sn-wo-so-sh-037
ET-SN-WO-SO-SH-044,420.0,,et-sn-wo-so-sh-044
ET-SN-WO-SO-SH-047,421.0,,et-sn-wo-so-sh-047
ET-SN-WO-SO-SH-046,422.0,,et-sn-wo-so-sh-046
ET-SN-WO-SO-SH-038,423.0,,et-sn-wo-so-sh-038
ET-SN-WO-SO-SH-87,424.0,,et-sn-wo-so-sh-87
ET-SN-WO-SO-SH-83,425.0,,et-sn-wo-so-sh-83
ET-SN-WO-SO-SH-71,426.0,,et-sn-wo-so-sh-71
ET-SN-WO-SO-SH-036,427.0,,et-sn-wo-so-sh-036
ET-SN-WO-SO-SH-048,428.0,,et-sn-wo-so-sh-048
ET-SN-WO-SO-SH-045,429.0,,et-sn-wo-so-sh-045
ET-SN-WO-SO-SH-044,430.0,,et-sn-wo-so-sh-044
ET-SN-WO-SO-SH-044,431.0,,et-sn-wo-so-sh-044
ET-SN-WO-SO-SH-78,432.0,,et-sn-wo-so-sh-78
ET-SN-WO-SO-SH-84,433.0,,et-sn-wo-so-sh-84
ET-SN-WO-SO-SH-59,434.0,,et-sn-wo-so-sh-59
ET-SN-WO-SO-SH-040,435.0,,et-sn-wo-so-sh-040
ET-SN-WO-SO-SH-043,436.0,,et-sn-wo-so-sh-043
ET-SN-WO-SO-SH-046,437.0,,et-sn-wo-so-sh-046
ET-SN-WO-SO-SH-75,438.0,,et-sn-wo-so-sh-75
ET-SN-WO-SO-SH-039,439.0,,et-sn-wo-so-sh-039
ET-SN-WO-SO-SH-80,440.0,,et-sn-wo-so-sh-80
ET-SN-WO-SO-SH-85,441.0,,et-sn-wo-so-sh-85
ET-SN-WO-SO-SH-89,442.0,,et-sn-wo-so-sh-89
ET-SN-WO-SO-SH-030,443.0,,et-sn-wo-so-sh-030
ET-SN-WO-SO-SH-043,444.0,,et-sn-wo-so-sh-043
ET-SN-WO-SO-SH-037,445.0,,et-sn-wo-so-sh-037
ET-SN-WO-SO-SH-042,446.0,,et-sn-wo-so-sh-042
ET-SN-WO-SO-SH-83,447.0,,et-sn-wo-so-sh-83
ET-SN-WO-SO-SH-86,448.0,,et-sn-wo-so-sh-86
ET-AM-BD-BD-AAH-31,449.0,,et-am-bd-bd-aah-31
ET-AM-BD-BD-AAH-29,450.0,,et-am-bd-bd-aah-29
ET-AF-Z1-DU-DH-16,451.0,,et-af-z1-du-dh-16
ET-AF-Z1-DU-DH-20,452.0,,et-af-z1-du-dh-20
ET-AF-Z1-DU-DH-12,453.0,,et-af-z1-du-dh-12
ET-AF-Z1-DU-DH-7,454.0,,et-af-z1-du-dh-7
ET-AF-Z1-DU-DH-6,455.0,,et-af-z1-du-dh-6
ET-AF-Z1-DU-DH-8,456.0,,et-af-z1-du-dh-8
NOT VISIVLE,457.0,,not visivle
ET-AM-BD-BD-AAH-30,458.0,,et-am-bd-bd-aah-30
ET-AM-BD-BD-AAH-28,459.0,,et-am-bd-bd-aah-28
ET-AM-BD-BD-AAH-36,460.0,,et-am-bd-bd-aah-36
ET-AF-Z1-DU-DH-1,461.0,,et-af-z1-du-dh-1
ET-AF-Z1-DU-DH-5,462.0,,et-af-z1-du-dh-5
ET-AF-Z1-DU-DH-8,463.0,,et-af-z1-du-dh-8
ET-AF-Z1-DU-DH-14,464.0,,et-af-z1-du-dh-14
ET-AM-BD-BD-AAH-35,465.0,,et-am-bd-bd-aah-35
ET-AM-BD-BD-AAH-25,466.0,,et-am-bd-bd-aah-25
ET-AM-BD-BD-AAH-36,467.0,,et-am-bd-bd-aah-36
ET-AF-Z1-DU-DH-2,468.0,,et-af-z1-du-dh-2
ET-AF-Z1-DU-DH-4,469.0,,et-af-z1-du-dh-4
ET-AM-BD-BD-AAH-33,470.0,,et-am-bd-bd-aah-33
ET-AM-BD-BD-AAH-15,471.0,,et-am-bd-bd-aah-15
ET-AF-Z1-DU-DH-14,472.0,,et-af-z1-du-dh-14
ET-AM-BD-BD-AAH-22,473.0,,et-am-bd-bd-aah-22
ET-AM-BD-BD-AAH-28,474.0,,et-am-bd-bd-aah-28
ET-AM-BD-BD-AAH-29,475.0,,et-am-bd-bd-aah-29
ET-AM-BD-BD-AAH-23,476.0,,et-am-bd-bd-aah-23
ET-AF-Z1-DU-DH-1,477.0,,et-af-z1-du-dh-1
ET-AF-Z1-DU-DH-19,478.0,,et-af-z1-du-dh-19
ET-AF-Z1-DU-DH-15,479.0,,et-af-z1-du-dh-15
ET-AF-Z1-DU-DH-13,480.0,,et-af-z1-du-dh-13
ET-AM-BD-BD-AAH-35,481.0,,et-am-bd-bd-aah-35
ET-AM-BD-BD-AAH-32,482.0,,et-am-bd-bd-aah-32
ET-AM-BD-BD-AAH-30,483.0,,et-am-bd-bd-aah-30
ET-AF-ZN1-DU-DH-18,484.0,,et-af-zn1-du-dh-18
ET-AM-BD-BD-AAH-33,485.0,,et-am-bd-bd-aah-33
ET-AF-ZN1-DU-DH-12,486.0,,et-af-zn1-du-dh-12
ET-AF-ZN1-DU-DH-3,487.0,,et-af-zn1-du-dh-3
ET-AF-ZN1-DU-DH-19,488.0,,et-af-zn1-du-dh-19
ET-AM-BD-BD-AAH-20,489.0,,et-am-bd-bd-aah-20
ET-AM-BD-BD-AAH-20,490.0,,et-am-bd-bd-aah-20
ET-AM-BD-BD-AAH-4,491.0,,et-am-bd-bd-aah-4
ET-AF-ZN1-DU-DH-9,492.0,,et-af-zn1-du-dh-9
ET-AM-BD-BD-AAH-25,493.0,,et-am-bd-bd-aah-25
ET-AF-ZN1-DU-DH-3,494.0,,et-af-zn1-du-dh-3
ET-AF-ZN1-DU-DH-11,495.0,,et-af-zn1-du-dh-11
ET-AF-ZN1-DU-DH-13,496.0,,et-af-zn1-du-dh-13
ET-AM-BD-BD-AAH-27,497.0,,et-am-bd-bd-aah-27
ET-AM-BD-BD-AAH-31,498.0,,et-am-bd-bd-aah-31
ET-AF-ZN1-DU-DH-16,499.0,,et-af-zn1-du-dh-16
ET-AM-BD-BD-AAH-24,500.0,,et-am-bd-bd-aah-24
ET-AM-BD-BD-AAH-24,501.0,,et-am-bd-bd-aah-24
ET-AF-ZN10DU-DH-9,502.0,,et-af-zn10du-dh-9
ET-AM-BD-BD-AAH-26,503.0,,et-am-bd-bd-aah-26
ET-AF-ZN1-DU-DH-6,504.0,,et-af-zn1-du-dh-6
ET-AM-BD-BD-AAH-26,505.0,,et-am-bd-bd-aah-26
ET-AM-BD-BD-AAH-23,506.0,,et-am-bd-bd-aah-23
ET-AM-BD-BD-AAH-34,507.0,,et-am-bd-bd-aah-34
ET-AF-ZN1-DU-DH-5,508.0,,et-af-zn1-du-dh-5
ET-AF-ZN1-DU-DH-17,509.0,,et-af-zn1-du-dh-17
ET-AM-BD-BD-AAH-22,510.0,,et-am-bd-bd-aah-22
ET-AF-ZN1-DU-DH-18,511.0,,et-af-zn1-du-dh-18
ET-AF-ZN1-DU-DH-20,512.0,,et-af-zn1-du-dh-20
ET-BG-AS-AS-AH-75,513.0,,et-bg-as-as-ah-75
ET-AF-ZN1-DU-DH-17,514.0,,et-af-zn1-du-dh-17
ET-AF-ZN1-DU-DH-10,515.0,,et-af-zn1-du-dh-10
ET-OR-JI-GO-AH-3,516.0,,et-or-ji-go-ah-3
ET-BG-AS-AS-AH-65,517.0,,et-bg-as-as-ah-65
ET-SN-GE-DI-DH-9,518.0,,et-sn-ge-di-dh-9
ET-SN-GE-DI-DH-8,519.0,,et-sn-ge-di-dh-8
ET-SN-GE-DI-DH-2,520.0,,et-sn-ge-di-dh-2
ET-BG-AS-AS-AH-76,521.0,,et-bg-as-as-ah-76
ET-AF-ZN1-DU-DH-10,522.0,,et-af-zn1-du-dh-10
ET-BG-AS-AS-AH-76,523.0,,et-bg-as-as-ah-76
ET-AM-BD-BD-AAH-65,524.0,,et-am-bd-bd-aah-65
ET-SN-SI-HA-HH-3,525.0,,et-sn-si-ha-hh-3
ET-SN-GE-DI-DH-7,526.0,,et-sn-ge-di-dh-7
ET-SN-GE-DI-DH-1,527.0,,et-sn-ge-di-dh-1
ET-SN-GE-DI-DH-8,528.0,,et-sn-ge-di-dh-8
ET-BG-AS-AS-AH-75,529.0,,et-bg-as-as-ah-75
ET-AF-ZN1-DU-DH-2,530.0,,et-af-zn1-du-dh-2
ET-AA-YE-Y12H-61,531.0,,et-aa-ye-y12h-61
ET-AA-YE-Y12H-63,532.0,,et-aa-ye-y12h-63
ET-AA-YE-Y12H-64,533.0,,et-aa-ye-y12h-64
ET-AM-BD-BD-AAH-64,534.0,,et-am-bd-bd-aah-64
ET-SN-GE-DI-DH-5,535.0,,et-sn-ge-di-dh-5
ET-SN-GE-DI-DH-3,536.0,,et-sn-ge-di-dh-3
ET-BG-AS-AS-AH-71,537.0,,et-bg-as-as-ah-71
ET-AF-ZN1-DU-DH-11,538.0,,et-af-zn1-du-dh-11
ET-OR-JI-GO-AH-5,539.0,,et-or-ji-go-ah-5
ET-OR-JI-GO-AH-4,540.0,,et-or-ji-go-ah-4
ET-OR-JI-GO-AH-4,541.0,,et-or-ji-go-ah-4
ET-SN-SI-HA-HH-3,542.0,,et-sn-si-ha-hh-3
ET-SN-GE-DI-DH-2,543.0,,et-sn-ge-di-dh-2
ET-SN-GE-DI-DH-1,544.0,,et-sn-ge-di-dh-1
ET-BG-AS-AS-AH-72,545.0,,et-bg-as-as-ah-72
ET-AF-ZN1-DU-DH-7,546.0,,et-af-zn1-du-dh-7
ET-BG-AS-AS-AH-71,547.0,,et-bg-as-as-ah-71
ET-BG-AS-AS-AH-72,548.0,,et-bg-as-as-ah-72
ET-SN-SI-YE-YH-63,549.0,,et-sn-si-ye-yh-63
ET-AM-BD-BD-AAH-63,550.0,,et-am-bd-bd-aah-63
ET-SN-GE-DI-DH-9,551.0,,et-sn-ge-di-dh-9
ET-SN-GE-DI-DH-6,552.0,,et-sn-ge-di-dh-6
ET-BG-AS-AS-AH-77,553.0,,et-bg-as-as-ah-77
ET-OR-JI-GO-AH-2,554.0,,et-or-ji-go-ah-2
ET-OR-JI-GO-AH-3,555.0,,et-or-ji-go-ah-3
ET-BG-AS-AS-AH-74,556.0,,et-bg-as-as-ah-74
ET-AA-YE-Y12H-60,557.0,,et-aa-ye-y12h-60
ET-AA-YE-Y12H-61,558.0,,et-aa-ye-y12h-61
ET-SN-GE-DI-DH-5,559.0,,et-sn-ge-di-dh-5
ET-SN-GE-DI-DH-6,560.0,,et-sn-ge-di-dh-6
ET-BG-AS-AS-AH-73,561.0,,et-bg-as-as-ah-73
ET-AA-YE-Y12H-62,562.0,,et-aa-ye-y12h-62
ET-AM-BD-BD-AAH-62,563.0,,et-am-bd-bd-aah-62
ET-AA-YE-Y12H-64,564.0,,et-aa-ye-y12h-64
ET-AA-YE-Y12H-60,565.0,,et-aa-ye-y12h-60
ET-OR-JI-GO-AH-5,566.0,,et-or-ji-go-ah-5
ET-SN-SI-GE-DI-DH-4,567.0,,et-sn-si-ge-di-dh-4
ET-SN-SI-GE-DI-DH-7,568.0,,et-sn-si-ge-di-dh-7
ET-BG-AS-AS-AH-74,569.0,,et-bg-as-as-ah-74
ET-BG-AS-AS-AH-73,570.0,,et-bg-as-as-ah-73
ET-AM-BD-BD-AAH-65,571.0,,et-am-bd-bd-aah-65
ET-AA-YE-Y12H-62,572.0,,et-aa-ye-y12h-62
ET-AM-BD-BD-AAH-65,573.0,,et-am-bd-bd-aah-65
ET-OR-JI-GO-AH-2,574.0,,et-or-ji-go-ah-2
ET-SN-GE-DI-DH-3,575.0,,et-sn-ge-di-dh-3
ET-SN-GE-DI-DH-4,576.0,,et-sn-ge-di-dh-4
ET-OR-SWS-BE-TBH-27,577.0,,et-or-sws-be-tbh-27
ET-OR-SWS-BE-TBH-27,578.0,,et-or-sws-be-tbh-27
ET-OR-SWS-BE-TBH-28,579.0,,et-or-sws-be-tbh-28
ET-OR-SWS-BE-TBH-34,580.0,,et-or-sws-be-tbh-34
ET-OR-SWS-BE-TBH-26,581.0,,et-or-sws-be-tbh-26
ET-OR-SWS-BE-TBH-33,582.0,,et-or-sws-be-tbh-33
ET-OR-SWS-BE-TBH-32,583.0,,et-or-sws-be-tbh-32
ET-OR-SWS-BE-TBH-80,584.0,,et-or-sws-be-tbh-80
ET-OR-SWS-BE-TBH-26,585.0,,et-or-sws-be-tbh-26
ET-OR-SWS-BE-TBH-33,586.0,,et-or-sws-be-tbh-33
ET-OR-SWS-BE-TBH-31,587.0,,et-or-sws-be-tbh-31
ET-OR-SWS-BE-TBH-35,588.0,,et-or-sws-be-tbh-35
ET-OR-SWS-BE-TBH-29,589.0,,et-or-sws-be-tbh-29
ET-OR-SWS-BE-TBH-34,590.0,,et-or-sws-be-tbh-34
ET-OR-SWS-BE-TBH-30,591.0,,et-or-sws-be-tbh-30
ET-OR-SWS-BE-TBH-81,592.0,,et-or-sws-be-tbh-81
ET-OR-SWS-BE-TBH-40,593.0,,et-or-sws-be-tbh-40
ET-OR-SWS-BE-TBH-40,594.0,,et-or-sws-be-tbh-40
ET-OR-SWS-BE-TBH-32,595.0,,et-or-sws-be-tbh-32
ET-OR-SWS-BE-TBH-30,596.0,,et-or-sws-be-tbh-30
ET-OR-SWS-BE-TBH-29,597.0,,et-or-sws-be-tbh-29
ET-OR-SWS-BE-TBH-35,598.0,,et-or-sws-be-tbh-35
ET-OR-SWS-BE-TBH-28,599.0,,et-or-sws-be-tbh-28
ET-OR-SWS-BE-TBH-78,600.0,,et-or-sws-be-tbh-78
ET-OR-SWS-BE-TBH-38,601.0,,et-or-sws-be-tbh-38
ET-OR-SWS-BE-TBH-66,602.0,,et-or-sws-be-tbh-66
ET-OR-SWS-BE-TBH-39,603.0,,et-or-sws-be-tbh-39
ET-OR-SWS-BE-TBH-67,604.0,,et-or-sws-be-tbh-67
ET-OR-SWS-BE-TBH-66,605.0,,et-or-sws-be-tbh-66
ET-OR-SWS-BE-TBH-37,606.0,,et-or-sws-be-tbh-37
ET-OR-SWS-BE-TBH-36,607.0,,et-or-sws-be-tbh-36
ET-OR-SWS-BE-TBH-84,608.0,,et-or-sws-be-tbh-84
ET-OR-SWS-BE-TBH-36,609.0,,et-or-sws-be-tbh-36
ET-OR-SWS-BE-TBH-68,610.0,,et-or-sws-be-tbh-68
ET-OR-SWS-BE-TBH-37,611.0,,et-or-sws-be-tbh-37
ET-OR-SWS-BE-TBH-64,612.0,,et-or-sws-be-tbh-64
ET-OR-SWS-BE-TBH-64,613.0,,et-or-sws-be-tbh-64
ET-OR-SWS-BE-TBH-68,614.0,,et-or-sws-be-tbh-68
ET-OR-SWS-BE-TBH-39,615.0,,et-or-sws-be-tbh-39
ET-OR-SWS-BE-TBH-80,616.0,,et-or-sws-be-tbh-80
ET-OR-SWS-BE-TBH-38,617.0,,et-or-sws-be-tbh-38
ET-OR-SWS-BE-TBH-69,618.0,,et-or-sws-be-tbh-69
ET-OR-SWS-BE-TBH-70,619.0,,et-or-sws-be-tbh-70
ET-OR-SWS-BE-TBH-71,620.0,,et-or-sws-be-tbh-71
ET-OR-SWS-BE-TBH-65,621.0,,et-or-sws-be-tbh-65
ET-OR-SWS-BE-TBH-86,622.0,,et-or-sws-be-tbh-86
ET-OR-SWS-BE-TBH-86,623.0,,et-or-sws-be-tbh-86
ET-OR-SWS-BE-TBH-84,624.0,,et-or-sws-be-tbh-84
ET-OR-SWS-BE-TBH-73,625.0,,et-or-sws-be-tbh-73
ET-OR-SWS-BE-TBH-77,626.0,,et-or-sws-be-tbh-77
ET-OR-SWS-BE-TBH-75,627.0,,et-or-sws-be-tbh-75
ET-OR-SWS-BE-TBH-75,628.0,,et-or-sws-be-tbh-75
ET-OR-SWS-BE-TBH-72,629.0,,et-or-sws-be-tbh-72
ET-OR-SWS-BE-TBH-73,630.0,,et-or-sws-be-tbh-73
ET-OR-SWS-BE-TBH-83,631.0,,et-or-sws-be-tbh-83
ET-OR-SWS-BE-TBH-79,632.0,,et-or-sws-be-tbh-79
ET-OR-SWS-BE-TBH-76,633.0,,et-or-sws-be-tbh-76
ET-OR-SWS-BE-TBH-72,634.0,,et-or-sws-be-tbh-72
ET-OR-SWS-BE-TBH-74,635.0,,et-or-sws-be-tbh-74
ET-OR-SWS-BE-TBH-83,636.0,,et-or-sws-be-tbh-83
ET-OR-SWS-BE-TBH-82,637.0,,et-or-sws-be-tbh-82
ET-OR-SWS-BE-TBH-74,638.0,,et-or-sws-be-tbh-74
ET-OR-SWS-BE-TBH-81,639.0,,et-or-sws-be-tbh-81
ET-OR-SWS-BE-TBH-85,640.0,,et-or-sws-be-tbh-85
ET-OR-AR-SH-SH-021,641.0,,et-or-ar-sh-sh-021
ET-OR-AR-SH-SH-017,642.0,,et-or-ar-sh-sh-017
ET-OR-AR-SH-SH-020,643.0,,et-or-ar-sh-sh-020
ET-GA-AN-GA-GH-98,644.0,,et-ga-an-ga-gh-98
ET-GA-AN-GA-GH-99,645.0,,et-ga-an-ga-gh-99
ET-GA-AN-GA-GH-34,646.0,,et-ga-an-ga-gh-34
ET-GA-AN-GA-GH-32,647.0,,et-ga-an-ga-gh-32
ET-GA-AN-GA-GH-98,648.0,,et-ga-an-ga-gh-98
ET-OR-AR-SH-SH-012,649.0,,et-or-ar-sh-sh-012
ET-OR-AR-SH-SH-006,650.0,,et-or-ar-sh-sh-006
ET-OR-AR-SH-SH-010,651.0,,et-or-ar-sh-sh-010
ET-OR-AR-SH-SH-011,652.0,,et-or-ar-sh-sh-011
ET-OR-AR-SH-SH-019,653.0,,et-or-ar-sh-sh-019
ET-GA-AN-GA-GH-19,654.0,,et-ga-an-ga-gh-19
ET-OR-AR-SH-SH-009,655.0,,et-or-ar-sh-sh-009
ET-OR-AR-SH-SH-007,656.0,,et-or-ar-sh-sh-007
ET-OR-AR-SH-SH-008,657.0,,et-or-ar-sh-sh-008
ET-OR-AR-SH-SH-009,658.0,,et-or-ar-sh-sh-009
ET-OR-AR-SH-SH-008,659.0,,et-or-ar-sh-sh-008
ET-OR-AR-SH-SH-005,660.0,,et-or-ar-sh-sh-005
ET-OR-AR-SH-SH-002,661.0,,et-or-ar-sh-sh-002
ET-OR-AR-SH-SH-013,662.0,,et-or-ar-sh-sh-013
ET-GA-AN-GA-GH-99,663.0,,et-ga-an-ga-gh-99
ET-OR-AR-SH-SH-005,664.0,,et-or-ar-sh-sh-005
ET-OR-AR-SH-SH-015,665.0,,et-or-ar-sh-sh-015
ET-OR-AR-SH-SH-016,666.0,,et-or-ar-sh-sh-016
ET-OR-AR-SH-SH-014,667.0,,et-or-ar-sh-sh-014
ET-OR-AR-SH-SH-011,668.0,,et-or-ar-sh-sh-011
ET-OR-AR-SH-SH-014,669.0,,et-or-ar-sh-sh-014
ET-OR-AR-SH-SH-002,670.0,,et-or-ar-sh-sh-002
ET-OR-AR-SH-SH-015,671.0,,et-or-ar-sh-sh-015
ET-OR-AR-SH-SH-007,672.0,,et-or-ar-sh-sh-007
ET-OR-AR-SH-SH-003,673.0,,et-or-ar-sh-sh-003
ET-OR-AR-SH-SH-010,674.0,,et-or-ar-sh-sh-010
ET-OR-AR-SH-SH-012,675.0,,et-or-ar-sh-sh-012
ET-OR-AR-SH-SH-001,676.0,,et-or-ar-sh-sh-001
ET-OR-AR-SH-SH-003,677.0,,et-or-ar-sh-sh-003
ET-OR-AR-SH-SH-006,678.0,,et-or-ar-sh-sh-006
ET-OR-AR-SH-SH-021,679.0,,et-or-ar-sh-sh-021
ET-OR-AR-SH-SH-019,680.0,,et-or-ar-sh-sh-019
ET-OR-AR-SH-SH-004,681.0,,et-or-ar-sh-sh-004
ET-OR-AR-SH-SH-016,682.0,,et-or-ar-sh-sh-016
ET-OR-AR-SH-SH-004,683.0,,et-or-ar-sh-sh-004
ET-OR-AR-SH-SH-013,684.0,,et-or-ar-sh-sh-013
ET-OR-AR-SH-SH-022,685.0,,et-or-ar-sh-sh-022
ET-OR-AR-SH-SH-018,686.0,,et-or-ar-sh-sh-018
ET-OR-AR-SH-SH-023,687.0,,et-or-ar-sh-sh-023
ET-OR-AR-SH-SH-018,688.0,,et-or-ar-sh-sh-018
ET-OR-AR-SH-SH-026,689.0,,et-or-ar-sh-sh-026
ET-OR-AR-SH-SH-027,690.0,,et-or-ar-sh-sh-027
ET-OR-AR-SH-SH-025,691.0,,et-or-ar-sh-sh-025
ET-OR-AR-SH-SH-024,692.0,,et-or-ar-sh-sh-024
ET-OR-AR-SH-SH-022,693.0,,et-or-ar-sh-sh-022
ET-OR-AR-SH-SH-020,694.0,,et-or-ar-sh-sh-020
ET-OR-AR-SH-SH-023,695.0,,et-or-ar-sh-sh-023
ET-OR-AR-SH-SH-017,696.0,,et-or-ar-sh-sh-017
ET-OR-AR-SH-SH-030,697.0,,et-or-ar-sh-sh-030
ET-OR-AR-SH-SH-026,698.0,,et-or-ar-sh-sh-026
ET-OR-AR-SH-SH-028,699.0,,et-or-ar-sh-sh-028
ET-OR-AR-SH-SH-025,700.0,,et-or-ar-sh-sh-025
ET-OR-AR-SH-SH-029,701.0,,et-or-ar-sh-sh-029
ET-OR-AR-SH-SH-028,702.0,,et-or-ar-sh-sh-028
ET-OR-AR-SH-SH-027,703.0,,et-or-ar-sh-sh-027
ET-OR-AR-SH-SH-024,704.0,,et-or-ar-sh-sh-024
ET-GA-AN-GA-GH-43,705.0,,et-ga-an-ga-gh-43
ET-GA-AN-GA-GH-48,706.0,,et-ga-an-ga-gh-48
ET-GA-AN-GA-GH-95,707.0,,et-ga-an-ga-gh-95
ET-GA-AN-GA-GH-81,708.0,,et-ga-an-ga-gh-81
ET-GA-AN-GA-GH-51,709.0,,et-ga-an-ga-gh-51
ET-GA-AN-GA-GH-50,710.0,,et-ga-an-ga-gh-50
ET-GA-AN-GA-GH-41,711.0,,et-ga-an-ga-gh-41
ET-GA-AN-GA-GH-80,712.0,,et-ga-an-ga-gh-80
ET-GA-AN-GA-GH-39,713.0,,et-ga-an-ga-gh-39
ET-GA-AN-GA-GH-84,714.0,,et-ga-an-ga-gh-84
ET-GA-AN-GA-GH-78,715.0,,et-ga-an-ga-gh-78
ET-GA-AN-GA-GH-93,716.0,,et-ga-an-ga-gh-93
ET-GA-AN-GA-GH-49,717.0,,et-ga-an-ga-gh-49
ET-GA-AN-GA-GH-85,718.0,,et-ga-an-ga-gh-85
ET-GA-AN-GA-GH-53,719.0,,et-ga-an-ga-gh-53
ET-GA-AN-GA-GH-97,720.0,,et-ga-an-ga-gh-97
ET-GA-AN-GA-GH-84,721.0,,et-ga-an-ga-gh-84
ET-GA-AN-GA-GH-47,722.0,,et-ga-an-ga-gh-47
ET-GA-AN-GA-GH-86,723.0,,et-ga-an-ga-gh-86
ET-GA-AN-GA-GH-94,724.0,,et-ga-an-ga-gh-94
ET-GA-AN-GA-GH-40,725.0,,et-ga-an-ga-gh-40
ET-GA-AN-GA-GH-52,726.0,,et-ga-an-ga-gh-52
ET-GA-AN-GA-GH-52,727.0,,et-ga-an-ga-gh-52
ET-GA-AN-GA-GH-91,728.0,,et-ga-an-ga-gh-91
ET-GA-AN-GA-GH-50,729.0,,et-ga-an-ga-gh-50
ET-GA-AN-GA-GH-44,730.0,,et-ga-an-ga-gh-44
ET-GA-AN-GA-GH-88,731.0,,et-ga-an-ga-gh-88
ET-GA-AN-GA-GH-89,732.0,,et-ga-an-ga-gh-89
ET-GA-AN-GA-GH-89,733.0,,et-ga-an-ga-gh-89
ET-GA-AN-GA-GH-77,734.0,,et-ga-an-ga-gh-77
ET-GA-AN-GA-GH-77,735.0,,et-ga-an-ga-gh-77
ET-GA-AN-GA-GH-87,736.0,,et-ga-an-ga-gh-87
ET-GA-AN-GA-GH-86,737.0,,et-ga-an-ga-gh-86
ET-GA-AN-GA-GH-40,738.0,,et-ga-an-ga-gh-40
ET-GA-AN-GA-GH-51,739.0,,et-ga-an-ga-gh-51
ET-GA-AN-GA-GH-49,740.0,,et-ga-an-ga-gh-49
ET-GA-AN-GA-GH-48,741.0,,et-ga-an-ga-gh-48
ET-OR-SWS-BETBH-41,742.0,,et-or-sws-betbh-41
ET-OR-SWS-BETBH-50,743.0,,et-or-sws-betbh-50
ET-GA-AN-GA-GH-53,744.0,,et-ga-an-ga-gh-53
ET-OR-SWS-BETBH-49,745.0,,et-or-sws-betbh-49
ET-OR-SWS-BETBH-49,746.0,,et-or-sws-betbh-49
ET-OR-SWS-BETBH-52,747.0,,et-or-sws-betbh-52
ET-OR-SWS-BETBH-52,748.0,,et-or-sws-betbh-52
ET-OR-SWS-BETBH-42,749.0,,et-or-sws-betbh-42
ET-OR-SWS-BETBH-51,750.0,,et-or-sws-betbh-51
ET-OR-SWS-BETBH-44,751.0,,et-or-sws-betbh-44
ET-OR-SWS-BETBH-50,752.0,,et-or-sws-betbh-50
ET-OR-SWS-BETBH-44,753.0,,et-or-sws-betbh-44
ET-OR-SWS-BETBH-43,754.0,,et-or-sws-betbh-43
ET-OR-SWS-BETBH-51,755.0,,et-or-sws-betbh-51
ET-OR-SWS-BETBH-46,756.0,,et-or-sws-betbh-46
ET-OR-SWS-BETBH-47,757.0,,et-or-sws-betbh-47
ET-OR-SWS-BETBH-47,758.0,,et-or-sws-betbh-47
ET-OR-SWS-BETBH-45,759.0,,et-or-sws-betbh-45
ET-OR-SWS-BETBH-41,760.0,,et-or-sws-betbh-41
ET-OR-SWS-BETBH-43,761.0,,et-or-sws-betbh-43
ET-OR-SWS-BETBH-53,762.0,,et-or-sws-betbh-53
ET-OR-SWS-BETBH-48,763.0,,et-or-sws-betbh-48
ET-OR-SWS-BETBH-46,764.0,,et-or-sws-betbh-46
ET-OR-SWS-BETBH-48,765.0,,et-or-sws-betbh-48
ET-OR-SWS-BETBH-49,766.0,,et-or-sws-betbh-49
ET-OR-SWS-BETBH-45,767.0,,et-or-sws-betbh-45
ET-OR-SWS-BETBH-53,768.0,,et-or-sws-betbh-53
ET-GA-AN-GA-GH-43,769.0,,et-ga-an-ga-gh-43
ET-GA-AN-GA-GH-91,770.0,,et-ga-an-ga-gh-91
ET-GA-AN-GA-GH-42,771.0,,et-ga-an-ga-gh-42
ET-AA-YE-Y12H-12,772.0,,et-aa-ye-y12h-12
ET-AA-YE-Y12H-13,773.0,,et-aa-ye-y12h-13
ET-AA-YE-Y12H-15,774.0,,et-aa-ye-y12h-15
ET-AA-YE-Y12H-3,775.0,,et-aa-ye-y12h-3
ET-AA-YE-Y12H-19,776.0,,et-aa-ye-y12h-19
ET-GA-AN-GA-GH-79,777.0,,et-ga-an-ga-gh-79
ET-GA-AN-GA-GH-41,778.0,,et-ga-an-ga-gh-41
ET-GA-AN-GA-GH-46,779.0,,et-ga-an-ga-gh-46
ET-AA-YE-Y12H-12,780.0,,et-aa-ye-y12h-12
ET-AA-YE-Y12H-13,781.0,,et-aa-ye-y12h-13
ET-AA-YE-Y12H-17,782.0,,et-aa-ye-y12h-17
ET-AA-YE-Y12H-2,783.0,,et-aa-ye-y12h-2
ET-AA-YE-Y12H-19,784.0,,et-aa-ye-y12h-19
ET-GA-AN-GA-GH-46,785.0,,et-ga-an-ga-gh-46
ET-GA-AN-GA-GH-95,786.0,,et-ga-an-ga-gh-95
ET-GA-AN-GA-GH-54,787.0,,et-ga-an-ga-gh-54
ET-GA-AN-GA-GH-93,788.0,,et-ga-an-ga-gh-93
ET-AA-YE-Y12H-14,789.0,,et-aa-ye-y12h-14
ET-AA-YE-Y12H-5,790.0,,et-aa-ye-y12h-5
ET-AA-YE-Y12H-2,791.0,,et-aa-ye-y12h-2
ET-AA-YE-Y12H-11,792.0,,et-aa-ye-y12h-11
ET-GA-AN-GA-GH-92,793.0,,et-ga-an-ga-gh-92
ET-GA-AN-GA-GH-87,794.0,,et-ga-an-ga-gh-87
ET-GA-AN-GA-GH-28,795.0,,et-ga-an-ga-gh-28
ET-GA-AN-GA-GH-83,796.0,,et-ga-an-ga-gh-83
ET-AA-YE-Y12H-15,797.0,,et-aa-ye-y12h-15
ET-AA-YE-Y12H-6,798.0,,et-aa-ye-y12h-6
ET-AA-YE-Y12H-1,799.0,,et-aa-ye-y12h-1
ET-AA-YE-Y12H-11,800.0,,et-aa-ye-y12h-11
ET-GA-AN-GA-GH-78,801.0,,et-ga-an-ga-gh-78
ET-GA-AN-GA-GH-88,802.0,,et-ga-an-ga-gh-88
ET-GA-AN-GA-GH-30,803.0,,et-ga-an-ga-gh-30
ET-GA-AN-GA-GH-36,804.0,,et-ga-an-ga-gh-36
ET-AA-YE-Y12H-14,805.0,,et-aa-ye-y12h-14
ET-AA-YE-Y12H-4,806.0,,et-aa-ye-y12h-4
ET-AA-YE-Y12H-21,807.0,,et-aa-ye-y12h-21
ET-AA-YE-Y12H-8,808.0,,et-aa-ye-y12h-8
ET-GA-AN-GA-GH-39,809.0,,et-ga-an-ga-gh-39
ET-GA-AN-GA-GH-90,810.0,,et-ga-an-ga-gh-90
ET-GA-AN-GA-GH-37,811.0,,et-ga-an-ga-gh-37
ET-GA-AN-GA-GH-32,812.0,,et-ga-an-ga-gh-32
ET-AA-YE-Y12H-16,813.0,,et-aa-ye-y12h-16
ET-AA-YE-Y12H-7,814.0,,et-aa-ye-y12h-7
ET-AA-YE-Y12H-21,815.0,,et-aa-ye-y12h-21
ET-AA-YE-Y12H-8,816.0,,et-aa-ye-y12h-8
ET-GA=AN-GA-GH-54,817.0,,et-ga=an-ga-gh-54
ET-GA=AN-GA-GH-35,818.0,,et-ga=an-ga-gh-35
ET-GA=AN-GA-GH-33,819.0,,et-ga=an-ga-gh-33
ET-GA=AN-GA-GH-31,820.0,,et-ga=an-ga-gh-31
ET-AA-YE-Y12H-17,821.0,,et-aa-ye-y12h-17
ET-AA-YE-Y12H-1,822.0,,et-aa-ye-y12h-1
ET-AA-YE-Y12H-20,823.0,,et-aa-ye-y12h-20
ET-AA-YE-Y12H-10,824.0,,et-aa-ye-y12h-10
ET-GA-AN-GA-GH-42,825.0,,et-ga-an-ga-gh-42
ET-GA-AN-GA-GH-35,826.0,,et-ga-an-ga-gh-35
ET-GA-AN-GA-GH-?,827.0,,et-ga-an-ga-gh-?
ET-GA-AN-GA-GH-8,828.0,,et-ga-an-ga-gh-8
ET-AA-YE-Y12H-16,829.0,,et-aa-ye-y12h-16
ET-AA-YE-Y12H-3,830.0,,et-aa-ye-y12h-3
ET-AA-YE-Y12H-20,831.0,,et-aa-ye-y12h-20
ET-AA-YE-Y12H-10,832.0,,et-aa-ye-y12h-10
ET-SN-BSH-MATH-8,833.0,,et-sn-bsh-math-8
ET-SN-HA-HO-HH-4,834.0,,et-sn-ha-ho-hh-4
ET-SN-HA-HO-HH-8,835.0,,et-sn-ha-ho-hh-8
ET-SN-HA-HO-HH-1,836.0,,et-sn-ha-ho-hh-1
ET-SN-HA-HO-HH-2,837.0,,et-sn-ha-ho-hh-2
ET-OR-GU-AT-ADH-6,838.0,,et-or-gu-at-adh-6
ET-OR-GU-AT-ADH-12,839.0,,et-or-gu-at-adh-12
ET-OR-GU-AT-ADH-17,840.0,,et-or-gu-at-adh-17
ET-SN-BSH-MATH-5,841.0,,et-sn-bsh-math-5
ET-SN-HA-HO-HH-10,842.0,,et-sn-ha-ho-hh-10
ET-SN-HA-HO-HH-12,843.0,,et-sn-ha-ho-hh-12
ET-SN-HA-HO-HH-12,844.0,,et-sn-ha-ho-hh-12
ET-SN-HA-HO-HH-14,845.0,,et-sn-ha-ho-hh-14
ET-OR-GU-AT-ADH-16,846.0,,et-or-gu-at-adh-16
ET-OR-GU-AT-ADH-1,847.0,,et-or-gu-at-adh-1
ET-OR-GU-AT-ADH-1,848.0,,et-or-gu-at-adh-1
ET-SN-BSH-MATH-1,849.0,,et-sn-bsh-math-1
ET-SN-HA-HO-HH-15,850.0,,et-sn-ha-ho-hh-15
ET-SN-HA-HO-HH-11,851.0,,et-sn-ha-ho-hh-11
ET-SN-HA-HO-HH-9,852.0,,et-sn-ha-ho-hh-9
ET-SN-HA-HO-HH-6,853.0,,et-sn-ha-ho-hh-6
ET-SN-HA-HO-HH-5,854.0,,et-sn-ha-ho-hh-5
ET-OR-GU-AT-ADH-11,855.0,,et-or-gu-at-adh-11
ET-OR-GU-AT-ADH-12,856.0,,et-or-gu-at-adh-12
ET-SN-BSH-MASH-4,857.0,,et-sn-bsh-mash-4
ET-GA-AN-GA-GH-94,858.0,,et-ga-an-ga-gh-94
ET-GA-AN-GA-GH-79,859.0,,et-ga-an-ga-gh-79
ET-SN-HA-HO-HH-3,860.0,,et-sn-ha-ho-hh-3
ET-SN-HA-HO-HH-7,861.0,,et-sn-ha-ho-hh-7
ET-SN-HA-HO-HH-14,862.0,,et-sn-ha-ho-hh-14
ET-OR-GU-AT-ADH-17,863.0,,et-or-gu-at-adh-17
ET-OR-GU-AT-ADH-16,864.0,,et-or-gu-at-adh-16
ET-SN-BSH-MATH-3,865.0,,et-sn-bsh-math-3
ET-SN-BSH-MATH-2,866.0,,et-sn-bsh-math-2
ET-SN-BSH-MATH-4,867.0,,et-sn-bsh-math-4
ET-SN-BSH-MATH-6,868.0,,et-sn-bsh-math-6
ET-SN-HA-HO-HH-10,869.0,,et-sn-ha-ho-hh-10
ET-SN-HA-HO-HH-15,870.0,,et-sn-ha-ho-hh-15
ET-OR-GU-AT-ADH-6,871.0,,et-or-gu-at-adh-6
ET-OR-GU-AT-ADH-18,872.0,,et-or-gu-at-adh-18
ET-SN-BSH-MATH-8,873.0,,et-sn-bsh-math-8
ET-SN-BSH-MATH-7,874.0,,et-sn-bsh-math-7
ET-SN-BSH-MATH-7,875.0,,et-sn-bsh-math-7
ET-GA-AN-GA-GH-47,876.0,,et-ga-an-ga-gh-47
ET-GA-AN-GA-GH-90,877.0,,et-ga-an-ga-gh-90
ET-SN-HA-HO-HH-8,878.0,,et-sn-ha-ho-hh-8
ET-SN-HA-HO-HH-5,879.0,,et-sn-ha-ho-hh-5
ET-OR-GU-AT-ADH-11,880.0,,et-or-gu-at-adh-11
ET-SN-BSH-MATH-6,881.0,,et-sn-bsh-math-6
ET-SN-BSH-MATH-5,882.0,,et-sn-bsh-math-5
ET-SN-BSH-MATH-1,883.0,,et-sn-bsh-math-1
ET-SN-BSH-MATH-3,884.0,,et-sn-bsh-math-3
ET-GA=AN-GA-GH-85,885.0,,et-ga=an-ga-gh-85
ET-SN-HA-HO-HH-7,886.0,,et-sn-ha-ho-hh-7
ET-SN-HA-HO-HH-4,887.0,,et-sn-ha-ho-hh-4
ET-OR-GU-AT-ADH-13,888.0,,et-or-gu-at-adh-13
ET-SN-BSH-MATH-2,889.0,,et-sn-bsh-math-2
ET-OR-GU-AT-ADH-87,890.0,,et-or-gu-at-adh-87
ET-OR-GU-AT-ADH-87,891.0,,et-or-gu-at-adh-87
ET-OR-GU-AT-ADH-76,892.0,,et-or-gu-at-adh-76
ET-OR-GU-AT-ADH-85,893.0,,et-or-gu-at-adh-85
ET-OR-GU-AT-ADH-79,894.0,,et-or-gu-at-adh-79
ET-OR-GU-AT-ADH-78,895.0,,et-or-gu-at-adh-78
ET-OR-GU-AT-ADH-7,896.0,,et-or-gu-at-adh-7
ET-AM-NS-SRHC-52,897.0,,et-am-ns-srhc-52
ET-AM-NS-SRHC-37,898.0,,et-am-ns-srhc-37
ET-AM-NS-SRHC-38,899.0,,et-am-ns-srhc-38
ET-AM-NS-SRHC-36,900.0,,et-am-ns-srhc-36
ET-AM-NS-SRHC-49,901.0,,et-am-ns-srhc-49
ET-AM-NS-SRHC-51,902.0,,et-am-ns-srhc-51
ET-AM-NS-SRHC-11,903.0,,et-am-ns-srhc-11
ET-AM-NS-SRHC-7,904.0,,et-am-ns-srhc-7
ET-AM-NS-SRHC-47,905.0,,et-am-ns-srhc-47
ET-AM-NS-SRHC-33,906.0,,et-am-ns-srhc-33
ET-AM-NS-SRHC-32,907.0,,et-am-ns-srhc-32
ET-AM-NS-SRHC-41,908.0,,et-am-ns-srhc-41
ET-AM-NS-SRHC-38,909.0,,et-am-ns-srhc-38
ET-AM-NS-SRHC-52,910.0,,et-am-ns-srhc-52
ET-AM-NS-SRHC-8,911.0,,et-am-ns-srhc-8
ET-AM-NS-SRHC-3,912.0,,et-am-ns-srhc-3
ET-AM-NS-SRHC-46,913.0,,et-am-ns-srhc-46
ET-AM-NS-SRHC-39,914.0,,et-am-ns-srhc-39
ET-AM-NS-SRHC-35,915.0,,et-am-ns-srhc-35
ET-AM-NS-SRHC-44,916.0,,et-am-ns-srhc-44
ET-AM-NS-SRHC-42,917.0,,et-am-ns-srhc-42
ET-AM-NS-SRHC-10,918.0,,et-am-ns-srhc-10
ET-AM-NS-SRHC-5,919.0,,et-am-ns-srhc-5
ET-AM-NS-SRHC-8,920.0,,et-am-ns-srhc-8
ET-AM-NS-SRHC-44,921.0,,et-am-ns-srhc-44
ET-AM-NS-SRHC-40,922.0,,et-am-ns-srhc-40
ET-AM-NS-SRHC-47,923.0,,et-am-ns-srhc-47
ET-AM-NS-SRHC-34,924.0,,et-am-ns-srhc-34
ET-AM-NS-SRHC-51,925.0,,et-am-ns-srhc-51
ET-AM-NS-SRHC-12,926.0,,et-am-ns-srhc-12
ET-AM-NS-SRHC-4,927.0,,et-am-ns-srhc-4
ET-AM-NS-SRHC-2,928.0,,et-am-ns-srhc-2
ET-AM-NS-SRHC-45,929.0,,et-am-ns-srhc-45
ET-AM-NS-SRHC-49,930.0,,et-am-ns-srhc-49
ET-AM-NS-SRHC-37,931.0,,et-am-ns-srhc-37
ET-AM-NS-SRHC-32,932.0,,et-am-ns-srhc-32
ET-AM-NS-SRHC-35,933.0,,et-am-ns-srhc-35
ET-AM-NS-SRHC-13,934.0,,et-am-ns-srhc-13
ET-AM-NS-SRHC-1,935.0,,et-am-ns-srhc-1
ET-AM-NS-SRHC-4,936.0,,et-am-ns-srhc-4
ET-AM-NS-SRHC-45,937.0,,et-am-ns-srhc-45
ET-AM-NS-SRHC-39,938.0,,et-am-ns-srhc-39
ET-AM-NS-SRHC-41,939.0,,et-am-ns-srhc-41
ET-AM-NS-SRHC-42,940.0,,et-am-ns-srhc-42
ET-AM-NS-SRHC-50,941.0,,et-am-ns-srhc-50
ET-AM-NS-SRHC-5,942.0,,et-am-ns-srhc-5
ET-AM-NS-SRHC-2,943.0,,et-am-ns-srhc-2
ET-AM-NS-SRHC-13,944.0,,et-am-ns-srhc-13
ET-AM-NS-SRHC-34,945.0,,et-am-ns-srhc-34
ET-AM-NS-SRHC-46,946.0,,et-am-ns-srhc-46
ET-AM-NS-SRHC-40,947.0,,et-am-ns-srhc-40
ET-AM-NS-SRHC-43,948.0,,et-am-ns-srhc-43
ET-AM-NS-SRHC-43,949.0,,et-am-ns-srhc-43
ET-AM-NS-SRHC-1,950.0,,et-am-ns-srhc-1
ET-AM-NS-SRHC-14,951.0,,et-am-ns-srhc-14
ET-AM-NS-SRHC-3,952.0,,et-am-ns-srhc-3
ET-AM-NS-SRHC-36,953.0,,et-am-ns-srhc-36
ET-AM-NS-SRHC-48,954.0,,et-am-ns-srhc-48
ET-AM-NS-SRHC-48,955.0,,et-am-ns-srhc-48
ET-AM-NS-SRHC-50,956.0,,et-am-ns-srhc-50
ET-AM-NS-SRHC-33,957.0,,et-am-ns-srhc-33
ET-AM-NS-SRHC-14,958.0,,et-am-ns-srhc-14
ET-AM-NS-SRHC-6,959.0,,et-am-ns-srhc-6
ET-AM-NS-SRHC-6,960.0,,et-am-ns-srhc-6
ET-SN-SI-YE-YH-71,961.0,,et-sn-si-ye-yh-71
ET-SN-SI-YE-YH-76,962.0,,et-sn-si-ye-yh-76
ET-SN-SI-YE-YH-10,963.0,,et-sn-si-ye-yh-10
ET-SN-SI-YE-YH-18,964.0,,et-sn-si-ye-yh-18
ET-SN-SI-YE-YH-4,965.0,,et-sn-si-ye-yh-4
ET-SN-SI-YE-YH-88,966.0,,et-sn-si-ye-yh-88
ET-SN-SI-YE-YH-11,967.0,,et-sn-si-ye-yh-11
ET-SN-SI-YE-YH-5,968.0,,et-sn-si-ye-yh-5
ET-SN-SI-YE-YH-102,969.0,,et-sn-si-ye-yh-102
ET-SN-SI-YE-YH-12,970.0,,et-sn-si-ye-yh-12
ET-SN-SI-YE-YH-9,971.0,,et-sn-si-ye-yh-9
ET-SN-SI-YE-YH-11,972.0,,et-sn-si-ye-yh-11
ET-SN-SI-YE-YH-17,973.0,,et-sn-si-ye-yh-17
ET-SN-SI-YE-YH-82,974.0,,et-sn-si-ye-yh-82
ET-SN-SI-YE-YH-5,975.0,,et-sn-si-ye-yh-5
ET-SN-SI-YE-YH-77,976.0,,et-sn-si-ye-yh-77
ET-SN-SI-YE-YH-95,977.0,,et-sn-si-ye-yh-95
ET-SN-SI-YE-YH-101,978.0,,et-sn-si-ye-yh-101
ET-SN-SI-YE-YH-93,979.0,,et-sn-si-ye-yh-93
ET-SN-SI-YE-YH-69,980.0,,et-sn-si-ye-yh-69
ET-SN-SI-YE-YH-16,981.0,,et-sn-si-ye-yh-16
ET-SN-SI-YE-YH-86,982.0,,et-sn-si-ye-yh-86
ET-SN-SI-YE-YH-18,983.0,,et-sn-si-ye-yh-18
ET-SN-SI-YE-YH-78,984.0,,et-sn-si-ye-yh-78
ET-SN-SI-YE-YH-92,985.0,,et-sn-si-ye-yh-92
ET-SN-SI-YE-YH-69,986.0,,et-sn-si-ye-yh-69
ET-SN-SI-YE-YH-75,987.0,,et-sn-si-ye-yh-75
ET-SN-SI-YE-YH-7,988.0,,et-sn-si-ye-yh-7
ET-SN-SI-YE-YH-8,989.0,,et-sn-si-ye-yh-8
ET-SN-SI-YE-YH-80,990.0,,et-sn-si-ye-yh-80
ET-SN-SI-YE-YH-70,991.0,,et-sn-si-ye-yh-70
ET-SN-SI-YE-YH-79,992.0,,et-sn-si-ye-yh-79
ET-SN-SI-YE-YH-14,993.0,,et-sn-si-ye-yh-14
ET-SN-SI-YE-YH-90,994.0,,et-sn-si-ye-yh-90
ET-SN-SI-YE-YH-61,995.0,,et-sn-si-ye-yh-61
ET-SN-SI-YE-YH-71,996.0,,et-sn-si-ye-yh-71
ET-SN-SI-YE-YH-90,997.0,,et-sn-si-ye-yh-90
ET-SN-SI-YE-YH-85,998.0,,et-sn-si-ye-yh-85
ET-SN-SI-YE-YH-87,999.0,,et-sn-si-ye-yh-87
ET-SN-SI-YE-YH-88,1000.0,,et-sn-si-ye-yh-88
ET-SN-SI-YE-YH-104,1001.0,,et-sn-si-ye-yh-104
ET-SN-SI-YE-YH-61,1002.0,,et-sn-si-ye-yh-61
ET-SN-SI-YE-YH-73,1003.0,,et-sn-si-ye-yh-73
ET-SN-SI-YE-YH-80,1004.0,,et-sn-si-ye-yh-80
ET-SN-SI-YE-YH-70,1005.0,,et-sn-si-ye-yh-70
ET-SN-SI-YE-YH-79,1006.0,,et-sn-si-ye-yh-79
ET-SN-SI-YE-YH-75,1007.0,,et-sn-si-ye-yh-75
ET-SN-SI-YE-YH-12,1008.0,,et-sn-si-ye-yh-12
ET-SN-SI-YE-YH-92,1009.0,,et-sn-si-ye-yh-92
ET-SN-SI-YE-YH-106,1010.0,,et-sn-si-ye-yh-106
ET-SN-SI-YE-YH-72,1011.0,,et-sn-si-ye-yh-72
ET-SN-SI-YE-YH-74,1012.0,,et-sn-si-ye-yh-74
ET-SN-SI-YE-YH-87,1013.0,,et-sn-si-ye-yh-87
ET-SN-SI-YE-YH-6,1014.0,,et-sn-si-ye-yh-6
ET-SN-SI-YE-YH-68,1015.0,,et-sn-si-ye-yh-68
ET-SN-SI-YE-YH-13,1016.0,,et-sn-si-ye-yh-13
ET-SN-SI-YE-YH-93,1017.0,,et-sn-si-ye-yh-93
ET-SN-SI-YE-YH-106,1018.0,,et-sn-si-ye-yh-106
ET-SN-SI-YE-YH-76,1019.0,,et-sn-si-ye-yh-76
ET-SN-SI-YE-YH-83,1020.0,,et-sn-si-ye-yh-83
ET-SN-SI-YE-YH-14,1021.0,,et-sn-si-ye-yh-14
ET-SN-SI-YE-YH-6,1022.0,,et-sn-si-ye-yh-6
ET-SN-SI-YE-YH-10,1023.0,,et-sn-si-ye-yh-10
ET-SN-SI-YE-YH-19,1024.0,,et-sn-si-ye-yh-19
ET-AM-NS-SR-SRHC-7,1025.0,,et-am-ns-sr-srhc-7
ET-AM-NS-SR-SRHC-3,1026.0,,et-am-ns-sr-srhc-3
ET-AM-NS-SR-SRHC-8,1027.0,,et-am-ns-sr-srhc-8
ET-AM-NS-SR-SRHC-2,1028.0,,et-am-ns-sr-srhc-2
ET-AM-NS-SR-SRHC-4,1029.0,,et-am-ns-sr-srhc-4
ET-AM-NS-SR-SRHC-13,1030.0,,et-am-ns-sr-srhc-13
ET-AM-NS-SR-SRHC-3,1031.0,,et-am-ns-sr-srhc-3
ET-AM-NS-SR-SRHC-6,1032.0,,et-am-ns-sr-srhc-6
ET-AM-NS-SR-SRHC-11,1033.0,,et-am-ns-sr-srhc-11
ET-AM-NS-SR-SRHC-8,1034.0,,et-am-ns-sr-srhc-8
ET-AM-NS-SR-SRHC-5,1035.0,,et-am-ns-sr-srhc-5
ET-AM-NS-SR-SRHC-4,1036.0,,et-am-ns-sr-srhc-4
ET-AM-NS-SR-SRHC-1,1037.0,,et-am-ns-sr-srhc-1
ET-AM-NS-SR-SRHC-2,1038.0,,et-am-ns-sr-srhc-2
ET-AM-NS-SR-SRHC-14,1039.0,,et-am-ns-sr-srhc-14
ET-AM-NS-SR-SRHC-6,1040.0,,et-am-ns-sr-srhc-6
ET-AM-NS-SR-SRHC-51,1041.0,,et-am-ns-sr-srhc-51
ET-AM-NS-SR-SRHC-52,1042.0,,et-am-ns-sr-srhc-52
ET-AM-NS-SR-SRHC-10,1043.0,,et-am-ns-sr-srhc-10
ET-AM-NS-SR-SRHC-12,1044.0,,et-am-ns-sr-srhc-12
ET-AM-NS-SR-SRHC-13,1045.0,,et-am-ns-sr-srhc-13
ET-AM-NS-SR-SRHC-5,1046.0,,et-am-ns-sr-srhc-5
ET-AM-NS-SR-SRHC-1,1047.0,,et-am-ns-sr-srhc-1
ET-AM-NS-SR-SRHC-14,1048.0,,et-am-ns-sr-srhc-14
ET-AM-NS-SR-SRHC-49,1049.0,,et-am-ns-sr-srhc-49
ET-AM-NS-SR-SRHC-38,1050.0,,et-am-ns-sr-srhc-38
ET-AM-NS-SR-SRHC-42,1051.0,,et-am-ns-sr-srhc-42
ET-AM-NS-SR-SRHC-51,1052.0,,et-am-ns-sr-srhc-51
ET-AM-NS-SR-SRHC-35,1053.0,,et-am-ns-sr-srhc-35
ET-AM-NS-SR-SRHC-50,1054.0,,et-am-ns-sr-srhc-50
ET-AM-NS-SR-SRHC-43,1055.0,,et-am-ns-sr-srhc-43
ET-AM-NS-SR-SRHC-33,1056.0,,et-am-ns-sr-srhc-33
ET-AM-NS-SR-SRHC-36,1057.0,,et-am-ns-sr-srhc-36
ET-AM-NS-SR-SRHC-41,1058.0,,et-am-ns-sr-srhc-41
ET-AM-NS-SR-SRHC-44,1059.0,,et-am-ns-sr-srhc-44
ET-AM-NS-SR-SRHC-34,1060.0,,et-am-ns-sr-srhc-34
ET-AM-NS-SR-SRHC-32,1061.0,,et-am-ns-sr-srhc-32
ET-AM-NS-SR-SRHC-42,1062.0,,et-am-ns-sr-srhc-42
ET-AM-NS-SR-SRHC-43,1063.0,,et-am-ns-sr-srhc-43
ET-AM-NS-SR-SRHC-50,1064.0,,et-am-ns-sr-srhc-50
ET-AM-NS-SR-SRHC-38,1065.0,,et-am-ns-sr-srhc-38
ET-AM-NS-SR-SRHC-32,1066.0,,et-am-ns-sr-srhc-32
ET-AM-NS-SR-SRHC-35,1067.0,,et-am-ns-sr-srhc-35
ET-AM-NS-SR-SRHC-47,1068.0,,et-am-ns-sr-srhc-47
ET-AM-NS-SR-SRHC-37,1069.0,,et-am-ns-sr-srhc-37
ET-AM-NS-SR-SRHC-41,1070.0,,et-am-ns-sr-srhc-41
ET-AM-NS-SR-SRHC-40,1071.0,,et-am-ns-sr-srhc-40
ET-AM-NS-SR-SRHC-48,1072.0,,et-am-ns-sr-srhc-48
ET-AM-NS-SR-SRHC-37,1073.0,,et-am-ns-sr-srhc-37
ET-AM-NS-SR-SRHC-33,1074.0,,et-am-ns-sr-srhc-33
ET-AM-NS-SR-SRHC-39,1075.0,,et-am-ns-sr-srhc-39
ET-AM-NS-SR-SRHC-40,1076.0,,et-am-ns-sr-srhc-40
ET-AM-NS-SR-SRHC-49,1077.0,,et-am-ns-sr-srhc-49
ET-AM-NS-SR-SRHC-39,1078.0,,et-am-ns-sr-srhc-39
ET-AM-NS-SR-SRHC-46,1079.0,,et-am-ns-sr-srhc-46
ET-AM-NS-SR-SRHC-48,1080.0,,et-am-ns-sr-srhc-48
ET-AM-NS-SR-SRHC-52,1081.0,,et-am-ns-sr-srhc-52
ET-AM-NS-SR-SRHC-47,1082.0,,et-am-ns-sr-srhc-47
ET-AM-NS-SR-SRHC-46,1083.0,,et-am-ns-sr-srhc-46
ET-AM-NS-SR-SRHC-44,1084.0,,et-am-ns-sr-srhc-44
ET-AM-NS-SR-SRHC-45,1085.0,,et-am-ns-sr-srhc-45
ET-AM-NS-SR-SRHC-45,1086.0,,et-am-ns-sr-srhc-45
ET-AM-NS-SR-SRHC-34,1087.0,,et-am-ns-sr-srhc-34
ET-AM-NS-SR-SRHC-36,1088.0,,et-am-ns-sr-srhc-36
ET-OR-SWS-BE-TBH-62,1089.0,,et-or-sws-be-tbh-62
ET-OR-SWS-BE-TBH-9,1090.0,,et-or-sws-be-tbh-9
ET-OR-SWS-BE-TBH-58,1091.0,,et-or-sws-be-tbh-58
ET-OR-SWS-BE-TBH-18,1092.0,,et-or-sws-be-tbh-18
ET-OR-SWS-BE-TBH-61,1093.0,,et-or-sws-be-tbh-61
ET-OR-SWS-BE-TBH-56,1094.0,,et-or-sws-be-tbh-56
ET-OR-SWS-BE-TBH-61,1095.0,,et-or-sws-be-tbh-61
ET-OR-SWS-BE-TBH-54,1096.0,,et-or-sws-be-tbh-54
ET-OR-SWS-BE-TBH-2,1097.0,,et-or-sws-be-tbh-2
ET-OR-SWS-BE-TBH-60,1098.0,,et-or-sws-be-tbh-60
ET-OR-SWS-BE-TBH-63,1099.0,,et-or-sws-be-tbh-63
ET-OR-SWS-BE-TBH-55,1100.0,,et-or-sws-be-tbh-55
ET-OR-SWS-BE-TBH-62,1101.0,,et-or-sws-be-tbh-62
ET-OR-SWS-BE-TBH-54,1102.0,,et-or-sws-be-tbh-54
ET-OR-SWS-BE-TBH-57,1103.0,,et-or-sws-be-tbh-57
ET-OR-SWS-BE-TBH-59,1104.0,,et-or-sws-be-tbh-59
ET-OR-SWS-BE-TBH-8,1105.0,,et-or-sws-be-tbh-8
ET-OR-SWS-BE-TBH-5,1106.0,,et-or-sws-be-tbh-5
ET-OR-SWS-BE-TBH-11,1107.0,,et-or-sws-be-tbh-11
ET-OR-SWS-BE-TBH-3,1108.0,,et-or-sws-be-tbh-3
ET-OR-SWS-BE-TBH-57,1109.0,,et-or-sws-be-tbh-57
ET-OR-SWS-BE-TBH-11,1110.0,,et-or-sws-be-tbh-11
ET-OR-SWS-BE-TBH-5,1111.0,,et-or-sws-be-tbh-5
ET-OR-SWS-BE-TBH-25,1112.0,,et-or-sws-be-tbh-25
ET-OR-SWS-BE-TBH-4,1113.0,,et-or-sws-be-tbh-4
ET-OR-SWS-BE-TBH-1,1114.0,,et-or-sws-be-tbh-1
ET-OR-SWS-BE-TBH-59,1115.0,,et-or-sws-be-tbh-59
ET-OR-SWS-BE-TBH-7,1116.0,,et-or-sws-be-tbh-7
ET-OR-SWS-BE-TBH-8,1117.0,,et-or-sws-be-tbh-8
ET-OR-SWS-BE-TBH-17,1118.0,,et-or-sws-be-tbh-17
ET-OR-SWS-BE-TBH-6,1119.0,,et-or-sws-be-tbh-6
ET-OR-SWS-BE-TBH-4,1120.0,,et-or-sws-be-tbh-4
ET-OR-SWS-BE-TBH-13,1121.0,,et-or-sws-be-tbh-13
ET-OR-SWS-BE-TBH-3,1122.0,,et-or-sws-be-tbh-3
ET-OR-SWS-BE-TBH-9,1123.0,,et-or-sws-be-tbh-9
ET-OR-SWS-BE-TBH-10,1124.0,,et-or-sws-be-tbh-10
ET-OR-SWS-BE-TBH-7,1125.0,,et-or-sws-be-tbh-7
ET-OR-SWS-BE-TBH-13,1126.0,,et-or-sws-be-tbh-13
ET-OR-SWS-BE-TBH-2,1127.0,,et-or-sws-be-tbh-2
ET-OR-SWS-BE-TBH-1,1128.0,,et-or-sws-be-tbh-1
ET-OR-SWS-BE-TBH-21,1129.0,,et-or-sws-be-tbh-21
ET-OR-SWS-BE-TBH-21,1130.0,,et-or-sws-be-tbh-21
ET-OR-SWS-BE-TBH-15,1131.0,,et-or-sws-be-tbh-15
ET-OR-SWS-BE-TBH-23,1132.0,,et-or-sws-be-tbh-23
ET-OR-SWS-BE-TBH-15,1133.0,,et-or-sws-be-tbh-15
ET-OR-SWS-BE-TBH-24,1134.0,,et-or-sws-be-tbh-24
ET-OR-SWS-BE-TBH-14,1135.0,,et-or-sws-be-tbh-14
ET-OR-SWS-BE-TBH-14,1136.0,,et-or-sws-be-tbh-14
ET-OR-SWS-BE-TBH-16,1137.0,,et-or-sws-be-tbh-16
ET-OR-SWS-BE-TBH-18,1138.0,,et-or-sws-be-tbh-18
ET-OR-SWS-BE-TBH-12,1139.0,,et-or-sws-be-tbh-12
ET-OR-SWS-BE-TBH-24,1140.0,,et-or-sws-be-tbh-24
ET-OR-SWS-BE-TBH-16,1141.0,,et-or-sws-be-tbh-16
ET-OR-SWS-BE-TBH-23,1142.0,,et-or-sws-be-tbh-23
ET-OR-SWS-BE-TBH-19,1143.0,,et-or-sws-be-tbh-19
ET-OR-SWS-BE-TBH-25,1144.0,,et-or-sws-be-tbh-25
ET-OR-SWS-BE-TBH-20,1145.0,,et-or-sws-be-tbh-20
ET-OR-SWS-BE-TBH-12,1146.0,,et-or-sws-be-tbh-12
ET-OR-SWS-BE-TBH-20,1147.0,,et-or-sws-be-tbh-20
ET-OR-SWS-BE-TBH-60,1148.0,,et-or-sws-be-tbh-60
ET-OR-SWS-BE-TBH-22,1149.0,,et-or-sws-be-tbh-22
ET-OR-SWS-BE-TBH-6,1150.0,,et-or-sws-be-tbh-6
ET-OR-SWS-BE-TBH-22,1151.0,,et-or-sws-be-tbh-22
ET-OR-SWS-BE-TBH-17,1152.0,,et-or-sws-be-tbh-17
ET-SN-SI-YE-YH-39,1153.0,,et-sn-si-ye-yh-39
ET-SN-SI-YE-YH-30,1154.0,,et-sn-si-ye-yh-30
ET-SN-SI-YE-YH-36,1155.0,,et-sn-si-ye-yh-36
ET-SN-SI-YE-YH-36,1156.0,,et-sn-si-ye-yh-36
ET-SN-SI-YE-YH-17,1157.0,,et-sn-si-ye-yh-17
ET-AA-KK-KE-HC-2,1158.0,,et-aa-kk-ke-hc-2
ET-AA-KK-MK-HC-2,1159.0,,et-aa-kk-mk-hc-2
ET-AM-NS-SR-SRHC-11,1160.0,,et-am-ns-sr-srhc-11
ET-SN-SI-YE-YH-83,1161.0,,et-sn-si-ye-yh-83
ET-SN-SI-YE-YH-40,1162.0,,et-sn-si-ye-yh-40
ET-SN-SI-YE-YH-43,1163.0,,et-sn-si-ye-yh-43
ET-SN-SI-YE-YH-21,1164.0,,et-sn-si-ye-yh-21
ET-SN-SI-YE-YH-16,1165.0,,et-sn-si-ye-yh-16
ET-AA-KK-KE-HC-4,1166.0,,et-aa-kk-ke-hc-4
ET-AA-KK-KE-HC-4,1167.0,,et-aa-kk-ke-hc-4
ET-SN-SI-YE-YH-19,1168.0,,et-sn-si-ye-yh-19
ET-SN-SI-YE-YH-41,1169.0,,et-sn-si-ye-yh-41
ET-SN-SI-YE-YH-31,1170.0,,et-sn-si-ye-yh-31
ET-SN-SI-YE-YH-45,1171.0,,et-sn-si-ye-yh-45
ET-SN-SI-YE-YH-84,1172.0,,et-sn-si-ye-yh-84
ET-AA-KK-W3-HC-3,1173.0,,et-aa-kk-w3-hc-3
ET-AA-KK-KE-HC-2,1174.0,,et-aa-kk-ke-hc-2
ET-AA-KK-MK-HC-2,1175.0,,et-aa-kk-mk-hc-2
ET-SN-SI-YE-YH-104,1176.0,,et-sn-si-ye-yh-104
ET-SN-SI-YE-YH-27,1177.0,,et-sn-si-ye-yh-27
ET-SN-SI-YE-YH-45,1178.0,,et-sn-si-ye-yh-45
ET-SN-SI-YE-YH-46,1179.0,,et-sn-si-ye-yh-46
ET-SN-SI-YE-YH-29,1180.0,,et-sn-si-ye-yh-29
ET-AA-KK-W3-HC-5,1181.0,,et-aa-kk-w3-hc-5
ET-AA-KK-W3-HC-2,1182.0,,et-aa-kk-w3-hc-2
ET-AA-KK-KE-HC-1,1183.0,,et-aa-kk-ke-hc-1
ET-SN-SI-YE-YH-7,1184.0,,et-sn-si-ye-yh-7
ET-SN-SI-YE-YH-49,1185.0,,et-sn-si-ye-yh-49
ET-SN-SI-YE-YH-49,1186.0,,et-sn-si-ye-yh-49
ET-SN-SI-YE-YH-33,1187.0,,et-sn-si-ye-yh-33
ET-SN-SI-YE-YH-47,1188.0,,et-sn-si-ye-yh-47
ET-AA-KK--W3-HC-5,1189.0,,et-aa-kk--w3-hc-5
ET-AA-KK-MK-HC-1,1190.0,,et-aa-kk-mk-hc-1
ET-AA-KK-W3-HC-3,1191.0,,et-aa-kk-w3-hc-3
ET-SN-SI-YE-YH-96,1192.0,,et-sn-si-ye-yh-96
ET-SN-SI-YE-YH-34,1193.0,,et-sn-si-ye-yh-34
ET-SN-SI-YE-YH-29,1194.0,,et-sn-si-ye-yh-29
ET-SN-SI-YE-YH-38,1195.0,,et-sn-si-ye-yh-38
ET-SN-SI-YE-YH-31,1196.0,,et-sn-si-ye-yh-31
ET-AA-KK-W3-HC-1,1197.0,,et-aa-kk-w3-hc-1
ET-AA-AK-AK-HC-1,1198.0,,et-aa-ak-ak-hc-1
ET-AA-KK-W3-HC-2,1199.0,,et-aa-kk-w3-hc-2
ET-SN-SI-YE-YH-73,1200.0,,et-sn-si-ye-yh-73
ET-SN-SI-YE-YH-50,1201.0,,et-sn-si-ye-yh-50
ET-SN-SI-YE-YH-34,1202.0,,et-sn-si-ye-yh-34
ET-SN-SI-YE-YH-33,1203.0,,et-sn-si-ye-yh-33
ET-SN-SI-YE-YH-60,1204.0,,et-sn-si-ye-yh-60
ET-AA-KK-W3-HC-1,1205.0,,et-aa-kk-w3-hc-1
ET-AA-KK-W3-HC-1,1206.0,,et-aa-kk-w3-hc-1
ET-AA-KK-W3-HC-4,1207.0,,et-aa-kk-w3-hc-4
ET-SN-SI-YE-YH-72,1208.0,,et-sn-si-ye-yh-72
ET-SN-SI-YE-YH-28,1209.0,,et-sn-si-ye-yh-28
ET-SN-SI-YE-YH-37,1210.0,,et-sn-si-ye-yh-37
ET-SN-SI-YE-YH-47,1211.0,,et-sn-si-ye-yh-47
ET-SN-SI-YE-YH-50,1212.0,,et-sn-si-ye-yh-50
ET-AA-AK-AK-HC-1,1213.0,,et-aa-ak-ak-hc-1
ET-AA-KK-MK-HC-1,1214.0,,et-aa-kk-mk-hc-1
ET-AA-KK-W3-HC-4,1215.0,,et-aa-kk-w3-hc-4
ET-SN-SI-YE-YH-15,1216.0,,et-sn-si-ye-yh-15
ET-OR-GU-AT-ADH-5,1217.0,,et-or-gu-at-adh-5
ET-OR-GU-AT-ADH-8,1218.0,,et-or-gu-at-adh-8
ET-AF-ZN3-AK-A7HC-5,1219.0,,et-af-zn3-ak-a7hc-5
ET-AF-ZN3-AK-A7HC-4,1220.0,,et-af-zn3-ak-a7hc-4
ET-AF-ZN3-AK-A7HC-2,1221.0,,et-af-zn3-ak-a7hc-2
ET-AA-YE-Y12H-54,1222.0,,et-aa-ye-y12h-54
ET-AA-KK-W10-HC-1,1223.0,,et-aa-kk-w10-hc-1
ET-AA-YE-Y12H-39,1224.0,,et-aa-ye-y12h-39
ET-OR-GU-AT-ADH-4,1225.0,,et-or-gu-at-adh-4
ET-OR-GU-AT-ADH-12,1226.0,,et-or-gu-at-adh-12
ET-AM-NS-DB-DBN-3,1227.0,,et-am-ns-db-dbn-3
ET-AFZN3-AK-A7HC-1,1228.0,,et-afzn3-ak-a7hc-1
ET-AFZN3-AK-A7HC-6,1229.0,,et-afzn3-ak-a7hc-6
ET-AA-YE-Y12H-52,1230.0,,et-aa-ye-y12h-52
ET-AA-LI-W7-THHC-1,1231.0,,et-aa-li-w7-thhc-1
ET-AA-YE-Y12H-43,1232.0,,et-aa-ye-y12h-43
ET-OR-GU-AT-ADH-4,1233.0,,et-or-gu-at-adh-4
ET-OR-GU-AT-ADH-8,1234.0,,et-or-gu-at-adh-8
ET-AM-NS-DB-DBN-2,1235.0,,et-am-ns-db-dbn-2
ET-AF-Z3-AK-A7HC-4,1236.0,,et-af-z3-ak-a7hc-4
ET-AA-YE-Y12H-57,1237.0,,et-aa-ye-y12h-57
ET-AA-YE-Y12H-59,1238.0,,et-aa-ye-y12h-59
ET-AA-KK-W10-HC-1,1239.0,,et-aa-kk-w10-hc-1
ET-AA-YE-Y12H-39,1240.0,,et-aa-ye-y12h-39
ET-OR-GU-AT-ADH-2,1241.0,,et-or-gu-at-adh-2
ET-OR-GU-AT-ADH-7,1242.0,,et-or-gu-at-adh-7
ET-OR-GU-AT-ADH-18,1243.0,,et-or-gu-at-adh-18
ET-AF-Z3-AK-A7HC-7,1244.0,,et-af-z3-ak-a7hc-7
ET-AA-YE-Y12H-58,1245.0,,et-aa-ye-y12h-58
ET-AA-YE-Y12H-52,1246.0,,et-aa-ye-y12h-52
ET-AA-KK-W10-HC-2,1247.0,,et-aa-kk-w10-hc-2
ET-AA-YE-Y12H-42,1248.0,,et-aa-ye-y12h-42
ET-OR-GU-AT-ADH-2,1249.0,,et-or-gu-at-adh-2
ET-OR-GU-AT-ADH-19,1250.0,,et-or-gu-at-adh-19
ET-OR-GU-AT-ADH-13,1251.0,,et-or-gu-at-adh-13
ET-AF-Z3-AK-A7HC-5,1252.0,,et-af-z3-ak-a7hc-5
ET-AA-YE-Y12H-55,1253.0,,et-aa-ye-y12h-55
ET-AA-YE-Y12H-57,1254.0,,et-aa-ye-y12h-57
ET-AA-KK-W10-KHC-2,1255.0,,et-aa-kk-w10-khc-2
ET-AA-YE-Y12H-40,1256.0,,et-aa-ye-y12h-40
ET-OR-GU-AT-ADH-10,1257.0,,et-or-gu-at-adh-10
ET-OR-GU-AT-ADH-9,1258.0,,et-or-gu-at-adh-9
ET-AM-NS-SR-SRHC-10,1259.0,,et-am-ns-sr-srhc-10
ET-AF-Z3-AK-A7HC-6,1260.0,,et-af-z3-ak-a7hc-6
ET-AA-YE-Y12H-56,1261.0,,et-aa-ye-y12h-56
ET-AA-YE-Y12H-54,1262.0,,et-aa-ye-y12h-54
ET-AA-LI-W7-THHC-1,1263.0,,et-aa-li-w7-thhc-1
ET-AA-YE-Y12H-42,1264.0,,et-aa-ye-y12h-42
ET-OR-GU-AT-ADH-14,1265.0,,et-or-gu-at-adh-14
ET-OR-GU-AT-ADH-19,1266.0,,et-or-gu-at-adh-19
ET-AM-NS-DB-DBN-2,1267.0,,et-am-ns-db-dbn-2
ET-AF-Z3-AK-A7HC-1,1268.0,,et-af-z3-ak-a7hc-1
ET-AA-YE-Y12H-55,1269.0,,et-aa-ye-y12h-55
ET-AA-YE-Y12H-58,1270.0,,et-aa-ye-y12h-58
ET-AA-YE-Y12H-41,1271.0,,et-aa-ye-y12h-41
ET-AA-YE-Y12H-40,1272.0,,et-aa-ye-y12h-40
ET-OR-GU-AT-ADH-9,1273.0,,et-or-gu-at-adh-9
ET-OR-GU-AT-ADH-14,1274.0,,et-or-gu-at-adh-14
ET-OR-GU-AT-ADH-7,1275.0,,et-or-gu-at-adh-7
ET-AF-Z3-AK-A7HC-7,1276.0,,et-af-z3-ak-a7hc-7
ET-AA-YE-Y12H-59,1277.0,,et-aa-ye-y12h-59
ET-AA-YE-Y12H-56,1278.0,,et-aa-ye-y12h-56
ET-AA-YE-Y12H-41,1279.0,,et-aa-ye-y12h-41
ET-AA-YE-Y12H-43,1280.0,,et-aa-ye-y12h-43
ET-GA-AN-GA-GH-67,1281.0,,et-ga-an-ga-gh-67
ET-GA-AN-GA-GH-60,1282.0,,et-ga-an-ga-gh-60
ET-GA-AN-GA-GH-75,1283.0,,et-ga-an-ga-gh-75
ET-GA-AN-GA-GH-97,1284.0,,et-ga-an-ga-gh-97
ET-GA-AN-GA-GH-76,1285.0,,et-ga-an-ga-gh-76
ET-GA-AN-GA-GH-56,1286.0,,et-ga-an-ga-gh-56
ET-GA-AN-GA-GH-82,1287.0,,et-ga-an-ga-gh-82
ET-GA-AN-GA-GH-82,1288.0,,et-ga-an-ga-gh-82
ET-GA-AN-GA-GH-74,1289.0,,et-ga-an-ga-gh-74
ET-GA-AN-GA-GH-64,1290.0,,et-ga-an-ga-gh-64
ET-GA-AN-GA-GH-83,1291.0,,et-ga-an-ga-gh-83
ET-GA-AN-GA-GH-73,1292.0,,et-ga-an-ga-gh-73
ET-GA-AN-GA-GH-113,1293.0,,et-ga-an-ga-gh-113
ET-GA-AN-GA-GH-104,1294.0,,et-ga-an-ga-gh-104
ET-GA-AN-GA-GH-113,1295.0,,et-ga-an-ga-gh-113
ET-GA-AN-GA-GH-92,1296.0,,et-ga-an-ga-gh-92
ET-GA-AN-GA-GH-65,1297.0,,et-ga-an-ga-gh-65
ET-GA-AN-GA-GH-74,1298.0,,et-ga-an-ga-gh-74
ET-GA-AN-GA-GH-81,1299.0,,et-ga-an-ga-gh-81
ET-GA-AN-GA-GH-80,1300.0,,et-ga-an-ga-gh-80
ET-GA-AN-GA-GH-76,1301.0,,et-ga-an-ga-gh-76
ET-GA-AN-GA-GH-56,1302.0,,et-ga-an-ga-gh-56
ET-GA-AN-GA-GH-66,1303.0,,et-ga-an-ga-gh-66
ET-GA-AN-GA-GH-111,1304.0,,et-ga-an-ga-gh-111
ET-GA-AN-GA-GH-75,1305.0,,et-ga-an-ga-gh-75
ET-GA-AN-GA-GH-73,1306.0,,et-ga-an-ga-gh-73
ET-GA-AN-GA-GH-108,1307.0,,et-ga-an-ga-gh-108
ET-GA-AN-GA-GH-65,1308.0,,et-ga-an-ga-gh-65
ET-GA-AN-GA-GH-107,1309.0,,et-ga-an-ga-gh-107
ET-GA-AN-GA-GH-63,1310.0,,et-ga-an-ga-gh-63
ET-GA-AN-GA-GH-109,1311.0,,et-ga-an-ga-gh-109
ET-GA-AN-GA-GH-70,1312.0,,et-ga-an-ga-gh-70
ET-GA-AN-GA-GH-72,1313.0,,et-ga-an-ga-gh-72
ET-GA-AN-GA-GH-105,1314.0,,et-ga-an-ga-gh-105
ET-GA-AN-GA-GH-68,1315.0,,et-ga-an-ga-gh-68
ET-GA-AN-GA-GH-68,1316.0,,et-ga-an-ga-gh-68
ET-GA-AN-GA-GH-55,1317.0,,et-ga-an-ga-gh-55
ET-GA-AN-GA-GH-106,1318.0,,et-ga-an-ga-gh-106
ET-GA-AN-GA-GH-114,1319.0,,et-ga-an-ga-gh-114
ET-GA-AN-GA-GH-105,1320.0,,et-ga-an-ga-gh-105
ET-GA-AN-GA-GH-67,1321.0,,et-ga-an-ga-gh-67
ET-GA-AN-GA-GH-60,1322.0,,et-ga-an-ga-gh-60
ET-GA-AN-GA-GH-66,1323.0,,et-ga-an-ga-gh-66
ET-GA-AN-GA-GH-104,1324.0,,et-ga-an-ga-gh-104
ET-GA-AN-GA-GH-101,1325.0,,et-ga-an-ga-gh-101
ET-GA-AN-GA-GH-62,1326.0,,et-ga-an-ga-gh-62
ET-GA-AN-GA-GH-114,1327.0,,et-ga-an-ga-gh-114
ET-GA-AN-GA-GH-103,1328.0,,et-ga-an-ga-gh-103
ET-GA-AN-GA-GH-64,1329.0,,et-ga-an-ga-gh-64
ET-GA-AN-GA-GH-59,1330.0,,et-ga-an-ga-gh-59
ET-GA-AN-GA-GH-100,1331.0,,et-ga-an-ga-gh-100
ET-GA-AN-GA-GH-109,1332.0,,et-ga-an-ga-gh-109
ET-GA-AN-GA-GH-112,1333.0,,et-ga-an-ga-gh-112
ET-GA-AN-GA-GH-69,1334.0,,et-ga-an-ga-gh-69
ET-GA-AN-GA-GH-??,1335.0,,et-ga-an-ga-gh-??
ET-GA-AN-GA-GH-107,1336.0,,et-ga-an-ga-gh-107
ET-GA-AN-GA-GH-72,1337.0,,et-ga-an-ga-gh-72
ET-GA-AN-GA-GH-71,1338.0,,et-ga-an-ga-gh-71
ET-GA-AN-GA-GH-106,1339.0,,et-ga-an-ga-gh-106
ET-GA-AN-GA-GH-102,1340.0,,et-ga-an-ga-gh-102
ET-GA-AN-GA-GH-62,1341.0,,et-ga-an-ga-gh-62
ET-GA-AN-GA-GH-??,1342.0,,et-ga-an-ga-gh-??
ET-GA-AN-GA-GH-102,1343.0,,et-ga-an-ga-gh-102
ET-GA-AN-GA-GH-111,1344.0,,et-ga-an-ga-gh-111
ET-OR-BA-GU-AT-ADH-43,1345.0,,et-or-ba-gu-at-adh-43
ET-OR-BA-GU-AT-ADH-56,1346.0,,et-or-ba-gu-at-adh-56
ET-OR-BA-GU-AT-ADH-49,1347.0,,et-or-ba-gu-at-adh-49
ET-OR-BA-GU-AT-ADH-46,1348.0,,et-or-ba-gu-at-adh-46
ET-OR-BA-GU-AT-ADH-48,1349.0,,et-or-ba-gu-at-adh-48
ET-OR-BA-GU-AT-ADH-21,1350.0,,et-or-ba-gu-at-adh-21
ET-GA-AN-GA-GH-55,1351.0,,et-ga-an-ga-gh-55
ET-GA-AN-GA-GH-69,1352.0,,et-ga-an-ga-gh-69
ET-OR-BA-GU-AT-ADH-65,1353.0,,et-or-ba-gu-at-adh-65
ET-OR-BA-GU-AT-ADH-56,1354.0,,et-or-ba-gu-at-adh-56
ET-OR-BA-GU-AT-ADH-62,1355.0,,et-or-ba-gu-at-adh-62
ET-OR-BA-GU-AT-ADH-52,1356.0,,et-or-ba-gu-at-adh-52
ET-OR-BA-GU-AT-ADH-60,1357.0,,et-or-ba-gu-at-adh-60
ET-OR-BA-GU-AT-ADH-26,1358.0,,et-or-ba-gu-at-adh-26
ET-GA-AN-GA-GH-63,1359.0,,et-ga-an-ga-gh-63
ET-GA-AN-GA-GH-57,1360.0,,et-ga-an-ga-gh-57
ET-OR-BA-GU-AT-ADH-38,1361.0,,et-or-ba-gu-at-adh-38
ET-OR-BA-GU-AT-ADH-61,1362.0,,et-or-ba-gu-at-adh-61
ET-OR-BA-GU-AT-ADH-64,1363.0,,et-or-ba-gu-at-adh-64
ET-OR-BA-GU-AT-ADH-58,1364.0,,et-or-ba-gu-at-adh-58
ET-OR-BA-GU-AT-ADH-61,1365.0,,et-or-ba-gu-at-adh-61
ET-OR-BA-GU-AT-ADH-50,1366.0,,et-or-ba-gu-at-adh-50
ET-GA-AN-GA-GH-18,1367.0,,et-ga-an-ga-gh-18
ET-GA-AN-GA-GH-20,1368.0,,et-ga-an-ga-gh-20
ET-OR-BA-GU-AT-ADH-65,1369.0,,et-or-ba-gu-at-adh-65
ET-OR-BA-GU-AT-ADH-64,1370.0,,et-or-ba-gu-at-adh-64
ET-OR-BA-GU-AT-ADH-22,1371.0,,et-or-ba-gu-at-adh-22
ET-OR-BA-GU-AT-ADH-47,1372.0,,et-or-ba-gu-at-adh-47
ET-OR-BA-GU-AT-ADH-47,1373.0,,et-or-ba-gu-at-adh-47
ET-OR-BA-GU-AT-ADH-55,1374.0,,et-or-ba-gu-at-adh-55
ET-GA-AN-GA-GH-59,1375.0,,et-ga-an-ga-gh-59
ET-GA-AN-GA-GH-22,1376.0,,et-ga-an-ga-gh-22
ET-OR-BA-GU-AT-ADH-25,1377.0,,et-or-ba-gu-at-adh-25
ET-OR-BA-GU-AT-ADH-66,1378.0,,et-or-ba-gu-at-adh-66
ET-OR-BA-GU-AT-ADH-57,1379.0,,et-or-ba-gu-at-adh-57
ET-OR-BA-GU-AT-ADH-52,1380.0,,et-or-ba-gu-at-adh-52
ET-OR-BA-GU-AT-ADH-53,1381.0,,et-or-ba-gu-at-adh-53
ET-OR-BA-GU-AT-ADH-41,1382.0,,et-or-ba-gu-at-adh-41
ET-GA-AN-GA-GH-70,1383.0,,et-ga-an-ga-gh-70
ET-GA-AN-GA-GH-57,1384.0,,et-ga-an-ga-gh-57
ET-OR-BA-GU-AT-ADH-25,1385.0,,et-or-ba-gu-at-adh-25
ET-OR-BA-GU-AT-ADH-63,1386.0,,et-or-ba-gu-at-adh-63
ET-OR-BA-GU-AT-ADH-51,1387.0,,et-or-ba-gu-at-adh-51
ET-OR-BA-GU-AT-ADH-53,1388.0,,et-or-ba-gu-at-adh-53
ET-OR-BA-GU-AT-ADH-50,1389.0,,et-or-ba-gu-at-adh-50
ET-OR-BA-GU-AT-ADH-60,1390.0,,et-or-ba-gu-at-adh-60
ET-OR-BA-GU-AT-ADH-103,1391.0,,et-or-ba-gu-at-adh-103
ET-OR-BA-GU-AT-ADH-71,1392.0,,et-or-ba-gu-at-adh-71
ET-OR-BA-GU-AT-ADH-35,1393.0,,et-or-ba-gu-at-adh-35
ET-OR-BA-GU-AT-ADH-48,1394.0,,et-or-ba-gu-at-adh-48
ET-OR-BA-GU-AT-ADH-67,1395.0,,et-or-ba-gu-at-adh-67
ET-OR-BA-GU-AT-ADH-51,1396.0,,et-or-ba-gu-at-adh-51
ET-OR-BA-GU-AT-ADH-62,1397.0,,et-or-ba-gu-at-adh-62
ET-OR-BA-GU-AT-ADH-23,1398.0,,et-or-ba-gu-at-adh-23
ET-GA-AN-GA-GH-36,1399.0,,et-ga-an-ga-gh-36
ET-GA-AN-GA-GH-112,1400.0,,et-ga-an-ga-gh-112
ET-OR-BA-GU-AT-ADH-54,1401.0,,et-or-ba-gu-at-adh-54
ET-OR-BA-GU-AT-ADH-67,1402.0,,et-or-ba-gu-at-adh-67
ET-OR-BA-GU-AT-ADH-46,1403.0,,et-or-ba-gu-at-adh-46
ET-OR-BA-GU-AT-ADH-49,1404.0,,et-or-ba-gu-at-adh-49
ET-OR-BA-GU-AT-ADH-57,1405.0,,et-or-ba-gu-at-adh-57
ET-OR-BA-GU-AT-ADH-39,1406.0,,et-or-ba-gu-at-adh-39
ET-GA-AN-GA-GH-26,1407.0,,et-ga-an-ga-gh-26
ET-GA-AN-GA-GH-108,1408.0,,et-ga-an-ga-gh-108
ET-OR-GU-AT-ADH-3,1409.0,,et-or-gu-at-adh-3
ET-OR-GU-AT-ADH-3,1410.0,,et-or-gu-at-adh-3
ET-OR-GU-AT-ADH-20,1411.0,,et-or-gu-at-adh-20
ET-OR-GU-AT-ADH-15,1412.0,,et-or-gu-at-adh-15
ET-OR-GU-AT-ADH-20,1413.0,,et-or-gu-at-adh-20
ET-OR-GU-AT-ADH-15,1414.0,,et-or-gu-at-adh-15
ET-OR-GU-AT-ADH-5,1415.0,,et-or-gu-at-adh-5
ET-OR-GU-AT-ADH-10,1416.0,,et-or-gu-at-adh-10
ET-OR-SWS-BE-TBH-56,1417.0,,et-or-sws-be-tbh-56
ET-OR-JI-SGH-2,1418.0,,et-or-ji-sgh-2
ET-OR-JI-SGH-7,1419.0,,et-or-ji-sgh-7
ET-OR-JI-SGH-9,1420.0,,et-or-ji-sgh-9
ET-SN-WO-SO-SH-011,1421.0,,et-sn-wo-so-sh-011
ET-SN-WO-SO-SH-92,1422.0,,et-sn-wo-so-sh-92
ET-SN-WO-SO-SH-024,1423.0,,et-sn-wo-so-sh-024
ET-SN-WO-SO-SH-022,1424.0,,et-sn-wo-so-sh-022
ET-OR=SWS-BE-TBH-58,1425.0,,et-or=sws-be-tbh-58
ET-OR-JI-SGH-7,1426.0,,et-or-ji-sgh-7
ET-OR-JI-SGH-5,1427.0,,et-or-ji-sgh-5
ET-OR-JI-SGH-11,1428.0,,et-or-ji-sgh-11
ET-SN-WO-SO-SH-014,1429.0,,et-sn-wo-so-sh-014
ET-SN-WO-SO-SH-002,1430.0,,et-sn-wo-so-sh-002
ET-SN-WO-SO-SH-003,1431.0,,et-sn-wo-so-sh-003
ET-SN-WO-SO-SH-015,1432.0,,et-sn-wo-so-sh-015
ET-OR-SWS-BE-TBH-55,1433.0,,et-or-sws-be-tbh-55
ET-OR-JI-SGH-9,1434.0,,et-or-ji-sgh-9
ET-OR-JI-SGH-8,1435.0,,et-or-ji-sgh-8
ET-OR-JI-SGH-6,1436.0,,et-or-ji-sgh-6
ET-OR-JI-SGH-4,1437.0,,et-or-ji-sgh-4
ET-SN-WO-SO-SH-61,1438.0,,et-sn-wo-so-sh-61
ET-SN-WO-SO-SH-54,1439.0,,et-sn-wo-so-sh-54
ET-SN-WO-SO-SH-53,1440.0,,et-sn-wo-so-sh-53
ET-OR-SWS-BE-TBH-63,1441.0,,et-or-sws-be-tbh-63
ET-OR-JI-SGH-14,1442.0,,et-or-ji-sgh-14
ET-OR-JI-SGH-2,1443.0,,et-or-ji-sgh-2
ET-OR-JI-SGH-13,1444.0,,et-or-ji-sgh-13
ET-OR-JI-SGH-12,1445.0,,et-or-ji-sgh-12
ET-OR-JI-SGH-10,1446.0,,et-or-ji-sgh-10
ET-OR-JI-SGH-1,1447.0,,et-or-ji-sgh-1
ET-OR-JI-SGH-6,1448.0,,et-or-ji-sgh-6
ET-OR-JI-SGH-3,1449.0,,et-or-ji-sgh-3
ET-OR-JI-SGH-10,1450.0,,et-or-ji-sgh-10
ET-GA-AN-GA-GH-21,1451.0,,et-ga-an-ga-gh-21
ET-GA-AN-GA-GH-26,1452.0,,et-ga-an-ga-gh-26
ET-GA-AN-GA-GH-22,1453.0,,et-ga-an-ga-gh-22
ET-GA-AN-GA-GH-110,1454.0,,et-ga-an-ga-gh-110
ET-GA-AN-GA-GH-58,1455.0,,et-ga-an-ga-gh-58
ET-GA-AN-GA-GH-25,1456.0,,et-ga-an-ga-gh-25
ET-GA-AN-GA-GH-17,1457.0,,et-ga-an-ga-gh-17
ET-GA-AN-GA-GH-26,1458.0,,et-ga-an-ga-gh-26
ET-GA-AN-GA-GH-20,1459.0,,et-ga-an-ga-gh-20
ET-GA-AN-GA-GH-19,1460.0,,et-ga-an-ga-gh-19
ET-GA-AN-GA-GH-21,1461.0,,et-ga-an-ga-gh-21
ET-GA-AN-GA-GH-??,1462.0,,et-ga-an-ga-gh-??
ET-GA-AN-GA-GH-25,1463.0,,et-ga-an-ga-gh-25
ET-GA-AN-GA-GH-110,1464.0,,et-ga-an-ga-gh-110
ET-GA-AN-GA-GH-17,1465.0,,et-ga-an-ga-gh-17
ET-GA-AN-GA-GH-16,1466.0,,et-ga-an-ga-gh-16
ET-GA-AN-GA-GH-23,1467.0,,et-ga-an-ga-gh-23
ET-GA-AN-GA-GH-24,1468.0,,et-ga-an-ga-gh-24
ET-GA-AN-GA-GH-16,1469.0,,et-ga-an-ga-gh-16
ET-GA-AN-GA-GH-58,1470.0,,et-ga-an-ga-gh-58
ET-GA-AN-GA-GH-24,1471.0,,et-ga-an-ga-gh-24
ET-GA-AN-GA-GH-23,1472.0,,et-ga-an-ga-gh-23
ET-SN-WO-SO-SH-74,1473.0,,et-sn-wo-so-sh-74
ET-SN-WO-SO-SH-75,1474.0,,et-sn-wo-so-sh-75
ET-SN-WO-SO-SH-70,1475.0,,et-sn-wo-so-sh-70
ET-SN-WO-SO-SH-69,1476.0,,et-sn-wo-so-sh-69
ET-SN-WO-SO-SH-58,1477.0,,et-sn-wo-so-sh-58
ET-SN-WO-SO-SH-52,1478.0,,et-sn-wo-so-sh-52
ET-SN-WO-SO-SH-35,1479.0,,et-sn-wo-so-sh-35
ET-SN-SI-YE-YH-82,1480.0,,et-sn-si-ye-yh-82
ET-SN-WO-SO-SH-50,1481.0,,et-sn-wo-so-sh-50
ET-SN-WO-SO-SH-52,1482.0,,et-sn-wo-so-sh-52
ET-SN-WO-SO-SH-51,1483.0,,et-sn-wo-so-sh-51
ET-SN-WO-SO-SH-56,1484.0,,et-sn-wo-so-sh-56
ET-SN-WO-SO-SH-60,1485.0,,et-sn-wo-so-sh-60
ET-SN-WO-SO-SH-60,1486.0,,et-sn-wo-so-sh-60
ET-SN-WO-SO-SH-030,1487.0,,et-sn-wo-so-sh-030
ET-SN-WO-SO-SH-029,1488.0,,et-sn-wo-so-sh-029
ET-SN-WO-SO-SH-55,1489.0,,et-sn-wo-so-sh-55
ET-SN-WO-SO-SH-53,1490.0,,et-sn-wo-so-sh-53
ET-SN-WO-SO-SH-49,1491.0,,et-sn-wo-so-sh-49
ET-SN-WO-SO-SH-56,1492.0,,et-sn-wo-so-sh-56
ET-SN-WO-SO-SH-70,1493.0,,et-sn-wo-so-sh-70
ET-SN-WO-SO-SH-69,1494.0,,et-sn-wo-so-sh-69
ET-SN-WO-SO-SH-57,1495.0,,et-sn-wo-so-sh-57
ET-SN-WO-SO-SH-82,1496.0,,et-sn-wo-so-sh-82
ET-SN-WO-SO-SH-72,1497.0,,et-sn-wo-so-sh-72
ET-SN-WO-SO-SH-92,1498.0,,et-sn-wo-so-sh-92
ET-SN-WO-SO-SH-006,1499.0,,et-sn-wo-so-sh-006
ET-SN-WO-SO-SH-86,1500.0,,et-sn-wo-so-sh-86
ET-SN-WO-SO-SH-55,1501.0,,et-sn-wo-so-sh-55
ET-SN-WO-SO-SH-59,1502.0,,et-sn-wo-so-sh-59
ET-SN-WO-SO-SH-51,1503.0,,et-sn-wo-so-sh-51
ET-SN-WO-SO-SH-012,1504.0,,et-sn-wo-so-sh-012
ET-SN-WO-SO-SH-77,1505.0,,et-sn-wo-so-sh-77
ET-SN-WO-SO-SH-84,1506.0,,et-sn-wo-so-sh-84
ET-SN-WO-SO-SH-015,1507.0,,et-sn-wo-so-sh-015
ET-SN-WO-SO-SH-73,1508.0,,et-sn-wo-so-sh-73
ET-SN-WO-SO-SH-73,1509.0,,et-sn-wo-so-sh-73
ET-SN-WO-SO-SH-77,1510.0,,et-sn-wo-so-sh-77
ET-SN-WO-SO-SH-025,1511.0,,et-sn-wo-so-sh-025
ET-SN-WO-SO-SH-58,1512.0,,et-sn-wo-so-sh-58
ET-SN-WO-SO-SH-74,1513.0,,et-sn-wo-so-sh-74
ET-SN-WO-SO-SH-76,1514.0,,et-sn-wo-so-sh-76
ET-SN-WO-SO-SH-009,1515.0,,et-sn-wo-so-sh-009
ET-SN-WO-SO-SH-025,1516.0,,et-sn-wo-so-sh-025
ET-SN-WO-SO-SH-72,1517.0,,et-sn-wo-so-sh-72
ET-SN-WO-SO-SH-007,1518.0,,et-sn-wo-so-sh-007
ET-SN-WO-SO-SH-013,1519.0,,et-sn-wo-so-sh-013
ET-SN-WO-SO-SH-018,1520.0,,et-sn-wo-so-sh-018
ET-SN-WO-SO-SH-71,1521.0,,et-sn-wo-so-sh-71
ET-SN-WO-SO-SH-49,1522.0,,et-sn-wo-so-sh-49
ET-SN-WO-SO-SH-76,1523.0,,et-sn-wo-so-sh-76
ET-SN-WO-SO-SH-90,1524.0,,et-sn-wo-so-sh-90
ET-SN-WO-SO-SH-009,1525.0,,et-sn-wo-so-sh-009
ET-SN-WO-SO-SH-001,1526.0,,et-sn-wo-so-sh-001
ET-SN-WO-SO-SH-013,1527.0,,et-sn-wo-so-sh-013
ET-SN-WO-SO-SH-016,1528.0,,et-sn-wo-so-sh-016
ET-SN-WO-SO-SH-50,1529.0,,et-sn-wo-so-sh-50
ET-SN-WO-SO-SH-57,1530.0,,et-sn-wo-so-sh-57
ET-SN-WO-SO-SH-61,1531.0,,et-sn-wo-so-sh-61
ET-SN-WO-SO-SH-004,1532.0,,et-sn-wo-so-sh-004
ET-SN-WO-SO-SH-012,1533.0,,et-sn-wo-so-sh-012
ET-SN-WO-SO-SH-019,1534.0,,et-sn-wo-so-sh-019
ET-SN-WO-SO-SH-78,1535.0,,et-sn-wo-so-sh-78
ET-SN-WO-SO-SH-90,1536.0,,et-sn-wo-so-sh-90
ET-OR-BA-AT-ADH-33,1537.0,,et-or-ba-at-adh-33
ET-SO-GO-GH-16,1538.0,,et-so-go-gh-16
ET-SO-GO-GH-4,1539.0,,et-so-go-gh-4
ET-SO-GO-GH-26,1540.0,,et-so-go-gh-26
ET-SO-GO-GH-23,1541.0,,et-so-go-gh-23
ET-SO-GO-GH-25,1542.0,,et-so-go-gh-25
ET-SO-GO-GH-34,1543.0,,et-so-go-gh-34
ET-SO-GO-GH-33,1544.0,,et-so-go-gh-33
ET-OR-GU-AT-ADH-30,1545.0,,et-or-gu-at-adh-30
ET-SO-GO-GH-10,1546.0,,et-so-go-gh-10
ET-SO-GO-GH-12,1547.0,,et-so-go-gh-12
ET-SO-GO-GH-27,1548.0,,et-so-go-gh-27
ET-SO-GO-GH-22,1549.0,,et-so-go-gh-22
ET-SO-GO-GH-27,1550.0,,et-so-go-gh-27
ET-SO-GO-GH-35,1551.0,,et-so-go-gh-35
ET-SO-GO-GH-32,1552.0,,et-so-go-gh-32
ET-OR-GU-AT-ADH-27,1553.0,,et-or-gu-at-adh-27
ET-SO-GO-GH-18,1554.0,,et-so-go-gh-18
ET-SO-GO-GH-3,1555.0,,et-so-go-gh-3
ET-SO-GO-GH-39,1556.0,,et-so-go-gh-39
ET-SO-GO-GH-40,1557.0,,et-so-go-gh-40
ET-SO-GO-GH-25,1558.0,,et-so-go-gh-25
ET-SO-GO-GH-35,1559.0,,et-so-go-gh-35
ET-SO-GO-GH-21,1560.0,,et-so-go-gh-21
ET-OR-BA-GU-AT-ADH-42,1561.0,,et-or-ba-gu-at-adh-42
ET-SO-GO-GH-13,1562.0,,et-so-go-gh-13
ET-SO-GO-GH-5,1563.0,,et-so-go-gh-5
ET-SO-GO-GH-37,1564.0,,et-so-go-gh-37
ET-SO-GO-GH-29,1565.0,,et-so-go-gh-29
ET-SO-GO-GH-31,1566.0,,et-so-go-gh-31
ET-SO-GO-GH-31,1567.0,,et-so-go-gh-31
ET-SO-GO-GH-23,1568.0,,et-so-go-gh-23
ET-OR-GU-AT-ADH-28,1569.0,,et-or-gu-at-adh-28
ET-SO-GO-GH-11,1570.0,,et-so-go-gh-11
ET-SO-GO-GH-1,1571.0,,et-so-go-gh-1
ET-SO-GO-GH-39,1572.0,,et-so-go-gh-39
ET-SO-GO-GH-40,1573.0,,et-so-go-gh-40
ET-SO-GO-GH-26,1574.0,,et-so-go-gh-26
ET-SO-GO-GH-32,1575.0,,et-so-go-gh-32
ET-SO-GO-GH-29,1576.0,,et-so-go-gh-29
ET-SO-GO-GH-2,1577.0,,et-so-go-gh-2
ET-SO-GO-GH-9,1578.0,,et-so-go-gh-9
ET-SO-GO-GH-15,1579.0,,et-so-go-gh-15
ET-SO-GO-GH-38,1580.0,,et-so-go-gh-38
ET-SO-GO-GH-36,1581.0,,et-so-go-gh-36
ET-SO-GO-GH-22,1582.0,,et-so-go-gh-22
ET-SO-GO-GH-33,1583.0,,et-so-go-gh-33
ET-SO-GO-GH-21,1584.0,,et-so-go-gh-21
ET-SO-GO-GH-19,1585.0,,et-so-go-gh-19
ET-SO-GO-GH-20,1586.0,,et-so-go-gh-20
ET-SO-GO-GH-8,1587.0,,et-so-go-gh-8
ET-SO-GO-GH-36,1588.0,,et-so-go-gh-36
ET-SO-GO-GH-28,1589.0,,et-so-go-gh-28
ET-SO-GO-GH-30,1590.0,,et-so-go-gh-30
ET-SO-GO-GH-34,1591.0,,et-so-go-gh-34
ET-SO-GO-GH-28,1592.0,,et-so-go-gh-28
ET-SO-GO-GH-17,1593.0,,et-so-go-gh-17
ET-SO-GO-GH-6,1594.0,,et-so-go-gh-6
ET-SO-GO-GH-7,1595.0,,et-so-go-gh-7
ET-SO-GO-GH-14,1596.0,,et-so-go-gh-14
ET-SO-GO-GH-37,1597.0,,et-so-go-gh-37
ET-SO-GO-GH-38,1598.0,,et-so-go-gh-38
ET-SO-GO-GH-24,1599.0,,et-so-go-gh-24
ET-SO-GO-GH-24,1600.0,,et-so-go-gh-24
ET-OR-GU-AT-ADH-30,1601.0,,et-or-gu-at-adh-30
ET-OR-GU-AT-ADH-29,1602.0,,et-or-gu-at-adh-29
ET-OR-GU-AT-ADH-24,1603.0,,et-or-gu-at-adh-24
ET-OR-GU-AT-ADH-55,1604.0,,et-or-gu-at-adh-55
ET-OR-GU-AT-ADH-23,1605.0,,et-or-gu-at-adh-23
ET-AM-NS-SR-SRHC-26,1606.0,,et-am-ns-sr-srhc-26
ET-OR-BA-GU-AT-ADH-21,1607.0,,et-or-ba-gu-at-adh-21
ET-OR-BA-GU-AT-ADH-37,1608.0,,et-or-ba-gu-at-adh-37
ET-OR-BA-GU-AT-ADH-37,1609.0,,et-or-ba-gu-at-adh-37
ET-OR-BA-GU-AT-ADH-31,1610.0,,et-or-ba-gu-at-adh-31
ET-OR-BA-GU-AT-ADH-33,1611.0,,et-or-ba-gu-at-adh-33
ET-AM-NS-SR-SRHC-28,1612.0,,et-am-ns-sr-srhc-28
ET-OR-BA-GU-AT-ADH-45,1613.0,,et-or-ba-gu-at-adh-45
ET-OR-BA-GU-AT-ADH-36,1614.0,,et-or-ba-gu-at-adh-36
ET-AM-NS-SR-SRHC-18,1615.0,,et-am-ns-sr-srhc-18
ET-AM-NS-SR-SRHC-16,1616.0,,et-am-ns-sr-srhc-16
ET-OR-BA-GU-AT-ADH-40,1617.0,,et-or-ba-gu-at-adh-40
ET-OR-BA-GU-AT-ADH-39,1618.0,,et-or-ba-gu-at-adh-39
ET-OR-BA-GU-AT-ADH-40,1619.0,,et-or-ba-gu-at-adh-40
ET-OR-BA-GU-AT-ADH-43,1620.0,,et-or-ba-gu-at-adh-43
ET-AM-NS-SR-SRHC-15,1621.0,,et-am-ns-sr-srhc-15
ET-OR-BA-GU-AT-ADH-58,1622.0,,et-or-ba-gu-at-adh-58
ET-OR-BA-GU-AT-ADH-54,1623.0,,et-or-ba-gu-at-adh-54
ET-OR-BA-GU-AT-ADH-59,1624.0,,et-or-ba-gu-at-adh-59
ET-OR-BA-GU-AT-ADH-42,1625.0,,et-or-ba-gu-at-adh-42
ET-OR-BA-GU-AT-ADH-27,1626.0,,et-or-ba-gu-at-adh-27
ET-OR-BA-GU-AT-ADH-31,1627.0,,et-or-ba-gu-at-adh-31
ET-OR-BA-GU-AT-ADH-22,1628.0,,et-or-ba-gu-at-adh-22
ET-OR-BA-GU-AT-ADH-24,1629.0,,et-or-ba-gu-at-adh-24
ET-SN-GG-AM-AH-7,1630.0,,et-sn-gg-am-ah-7
ET-OR-BA-GU-AT-ADH-34,1631.0,,et-or-ba-gu-at-adh-34
ET-OR-BA-GU-AT-ADH-34,1632.0,,et-or-ba-gu-at-adh-34
ET-OR-BA-GU-AT-ADH-45,1633.0,,et-or-ba-gu-at-adh-45
ET-AM-NS-SSR-SRHC-23,1634.0,,et-am-ns-ssr-srhc-23
ET-OR-BA-GU-AT-ADH-59,1635.0,,et-or-ba-gu-at-adh-59
ET-OR-BA-GU-AT-ADH-35,1636.0,,et-or-ba-gu-at-adh-35
ET-OR-BA-GU-AT-ADH-32,1637.0,,et-or-ba-gu-at-adh-32
ET-AM-NS-SR-SRHC-24,1638.0,,et-am-ns-sr-srhc-24
ET-AM-NS-SR-SRHC-21,1639.0,,et-am-ns-sr-srhc-21
ET-OR-GU-AT-ADH-28,1640.0,,et-or-gu-at-adh-28
ET-OR-BA-GU-AT-ADH-44,1641.0,,et-or-ba-gu-at-adh-44
ET-OR-BA-GU-AT-ADH-44,1642.0,,et-or-ba-gu-at-adh-44
ET-OR-BA-GU-AT-ADH-63,1643.0,,et-or-ba-gu-at-adh-63
ET-OR-BA-GU-AT-ADH-29,1644.0,,et-or-ba-gu-at-adh-29
ET-AM-NS-SR-SRHC-15,1645.0,,et-am-ns-sr-srhc-15
ET-AM-NS-SR-SRHC-26,1646.0,,et-am-ns-sr-srhc-26
ET-AM-NS-SR-SRHC-28,1647.0,,et-am-ns-sr-srhc-28
ET-AM-NS-SR-SRHC-25,1648.0,,et-am-ns-sr-srhc-25
ET-AM-NS-SR-SRHC-27,1649.0,,et-am-ns-sr-srhc-27
ET-AM-NS-SR-SRHC-31,1650.0,,et-am-ns-sr-srhc-31
ET-AM-NS-SR-SRHC-23,1651.0,,et-am-ns-sr-srhc-23
ET-AM-NS-SR-SRHC-29,1652.0,,et-am-ns-sr-srhc-29
ET-AM-NS-SR-SRHC-22,1653.0,,et-am-ns-sr-srhc-22
ET-AM-NS-SR-SRHC-30,1654.0,,et-am-ns-sr-srhc-30
ET-AM-NS-SR-SRHC-20,1655.0,,et-am-ns-sr-srhc-20
ET-AM-NS-SR-SRHC-17,1656.0,,et-am-ns-sr-srhc-17
ET-OR-BA-GU-AT-ADH-32,1657.0,,et-or-ba-gu-at-adh-32
ET-AM-NS-SR-SRHC-20,1658.0,,et-am-ns-sr-srhc-20
ET-AM-NS-SR-SRHC-38,1659.0,,et-am-ns-sr-srhc-38
ET-AM-NS-SR-SRHC-27,1660.0,,et-am-ns-sr-srhc-27
ET-AM-NS-SR-SRHC-22,1661.0,,et-am-ns-sr-srhc-22
ET-AM-NS-SR-SRHC-21,1662.0,,et-am-ns-sr-srhc-21
ET-AM-NS-SR-SRHC-17,1663.0,,et-am-ns-sr-srhc-17
ET-AM-NS-SR-SRHC-30,1664.0,,et-am-ns-sr-srhc-30
ET-BG-AS-AS-AH-92,1665.0,,et-bg-as-as-ah-92
ET-BG-AS-AS-AH-82,1666.0,,et-bg-as-as-ah-82
ET-BG-AS-AS-AH-67,1667.0,,et-bg-as-as-ah-67
ET-BG-AS-AS-AH-69,1668.0,,et-bg-as-as-ah-69
ET-BG-AS-AS-AH-85,1669.0,,et-bg-as-as-ah-85
ET-BG-AS-AS-AH-100,1670.0,,et-bg-as-as-ah-100
ET-BG-AS-AS-AH-88,1671.0,,et-bg-as-as-ah-88
ET-BG-AS-AS-AH-94,1672.0,,et-bg-as-as-ah-94
ET-BG-AS-AS-AH-82,1673.0,,et-bg-as-as-ah-82
ET-BG-AS-AS-AH-78,1674.0,,et-bg-as-as-ah-78
ET-BG-AS-AS-AH-94,1675.0,,et-bg-as-as-ah-94
ET-BG-AS-AS-AH-91,1676.0,,et-bg-as-as-ah-91
ET-BG-AS-AS-AH-100,1677.0,,et-bg-as-as-ah-100
ET-BG-AS-AS-AH-93,1678.0,,et-bg-as-as-ah-93
ET-BG-AS-AS-AH-97,1679.0,,et-bg-as-as-ah-97
ET-BG-AS-AS-AH-80,1680.0,,et-bg-as-as-ah-80
ET-BG-AS-AS-AH-70,1681.0,,et-bg-as-as-ah-70
ET-BG-AS-AS-AH-70,1682.0,,et-bg-as-as-ah-70
ET-BG-AS-AS-AH-83,1683.0,,et-bg-as-as-ah-83
ET-BG-AS-AS-AH-99,1684.0,,et-bg-as-as-ah-99
ET-BG-AS-AS-AH-67,1685.0,,et-bg-as-as-ah-67
ET-BG-AS-AS-AH-??,1686.0,,et-bg-as-as-ah-??
ET-BG-AS-AS-AH-89,1687.0,,et-bg-as-as-ah-89
ET-BG-AS-AS-AH-88,1688.0,,et-bg-as-as-ah-88
ET-BG-AS-AS-AH-77,1689.0,,et-bg-as-as-ah-77
ET-BG-AS-AS-AH-??,1690.0,,et-bg-as-as-ah-??
ET-BG-AS-AS-AH-89,1691.0,,et-bg-as-as-ah-89
ET-BG-AS-AS-AH-87,1692.0,,et-bg-as-as-ah-87
ET-BG-AS-AS-AH-63,1693.0,,et-bg-as-as-ah-63
ET-BG-AS-AS-AH-96,1694.0,,et-bg-as-as-ah-96
ET-BG-AS-AS-AH-78,1695.0,,et-bg-as-as-ah-78
ET-BG-AS-AS-AH-80,1696.0,,et-bg-as-as-ah-80
ET-BG-AS-AS-AH-95,1697.0,,et-bg-as-as-ah-95
ET-BG-AS-AS-AH-79,1698.0,,et-bg-as-as-ah-79
ET-BG-AS-AS-AH-86,1699.0,,et-bg-as-as-ah-86
ET-BG-AS-AS-AH-59,1700.0,,et-bg-as-as-ah-59
ET-BG-AS-AS-AH-90,1701.0,,et-bg-as-as-ah-90
ET-BG-AS-AS-AH-61,1702.0,,et-bg-as-as-ah-61
ET-BG-AS-AS-AH-63,1703.0,,et-bg-as-as-ah-63
ET-BG-AS-AS-AH-69,1704.0,,et-bg-as-as-ah-69
ET-BG-AS-AS-AH-85,1705.0,,et-bg-as-as-ah-85
ET-BG-AS-AS-AH-??,1706.0,,et-bg-as-as-ah-??
ET-BG-AS-AS-AH-64,1707.0,,et-bg-as-as-ah-64
ET-BG-AS-AS-AH-86,1708.0,,et-bg-as-as-ah-86
ET-BG-AS-AS-AH-65,1709.0,,et-bg-as-as-ah-65
ET-BG-AS-AS-AH-96,1710.0,,et-bg-as-as-ah-96
ET-BG-AS-AS-AH-63,1711.0,,et-bg-as-as-ah-63
ET-BG-AS-AS-AH-91,1712.0,,et-bg-as-as-ah-91
ET-BG-AS-AS-AH-83,1713.0,,et-bg-as-as-ah-83
ET-BG-AS-AS-AH-??,1714.0,,et-bg-as-as-ah-??
ET-BG-AS-AS-AH-95,1715.0,,et-bg-as-as-ah-95
ET-BG-AS-AS-AH-84,1716.0,,et-bg-as-as-ah-84
ET-BG-AS-AS-AH-99,1717.0,,et-bg-as-as-ah-99
ET-BG-AS-AS-AH-58,1718.0,,et-bg-as-as-ah-58
ET-BG-AS-AS-AH-79,1719.0,,et-bg-as-as-ah-79
ET-BG-AS-AS-AH-98,1720.0,,et-bg-as-as-ah-98
ET-BG-AS-AS-AH-98,1721.0,,et-bg-as-as-ah-98
ET-BG-AS-AS-AH-68,1722.0,,et-bg-as-as-ah-68
ET-BG-AS-AS-AH-60,1723.0,,et-bg-as-as-ah-60
ET-BG-AS-AS-AH-60,1724.0,,et-bg-as-as-ah-60
E97T-BG-AS-AS-AH-,1725.0,,e97t-bg-as-as-ah-
ET-BG-AS-AS-AH-62,1726.0,,et-bg-as-as-ah-62
ET-BG-AS-AS-AH-87,1727.0,,et-bg-as-as-ah-87
ET-BG-AS-AS-AH-93,1728.0,,et-bg-as-as-ah-93
